question,answer
针灸中疔疮定义？,"疔疮是以皮肤出现粟粒样脓头，红肿热痛，重者伴高热、神昏为主症的病证。因其初起形小根深，基底坚硬如钉，故名疔疮。因发病部位和形状不同，又有“人中疔”“唇疔”“蛇头疔”“红丝疔”等不同名称。本病病位在肌肤腠理。
西医学的颜面部疖痈、急性甲沟炎、脓性指头炎、急性淋巴管炎等均属本病范畴。"
针灸中疔疮辩证？,若初起疮形小如粟米，根深坚硬如钉，始觉麻痒不适，疼痛较轻，继则脓疮增大，红肿灼热，疼痛加剧，恶寒发热，舌红，苔黄，脉数等，为火毒流注经络。其中，发于四肢者，或可见红线隐隐于皮下，并迅速向上走窜，形成“红丝疔”。除局部症状外，兼见寒战、高热、烦躁、神昏、谵语、头痛、呕吐，为疔疮内攻脏腑之危候，称为“疔疮走黄”。
针灸中疔疮基本病机？,其发生常与恣食膏粱厚味、辛辣炙煿之品，肌肤不洁，蚊虫叮咬，刺扎后火毒侵袭等因素有关。基本病机是火毒蕴结肌肤，经络气血凝滞。
针灸中疔疮具体表现？,初起如粟粒状小脓头，发病迅速，根深坚硬如钉，始觉麻痒，而疼痛轻微，继则红肿灼热，疼痛加剧，可伴有恶寒发热等全身症状。
针灸中疔疮针刺基本治法？,泻火解毒。以督脉穴为主。
针灸中疔疮主穴：,身柱（在脊柱区，第5胸椎棘突下凹陷中，后正中线上） 灵台（在脊柱区，第9胸椎棘突下凹陷中，后正中线上） 合谷（在手指，第2掌指关节桡侧远端赤白肉际处） 委中（在膝后区，腘横纹上1寸，股二头肌腱的内侧缘）
针灸中疔疮配穴：,根据患部所属的经脉循经取穴：发于面部，属阳明经配商阳（在手指，食指末节桡侧，指甲根角侧上方0.1寸（指寸））、内庭（在足背，第2、3跖骨间，第2跖趾关节近端凹陷中），属少阳经配关冲（在手指，第4指末节尺侧，指甲根角侧上方0.1寸（指寸））、足临泣（在足背，第4、5跖骨底结合部的前方，第5趾长伸肌腱外侧凹陷中），属太阳经配少泽（在手指，小指末节尺侧，指甲根角侧上方0.1寸（指寸））、足通谷（在足背，外踝前缘直下，第5跖骨粗隆后方，骰骨下缘凹陷中）。发于手，配足部同名经穴；发于足，配手部同名经穴。或用经脉首尾配穴法，如发于迎香（在面部，鼻翼外缘中点旁，鼻唇沟中）穴处可配对侧的商阳（在手指，食指末节桡侧，指甲根角侧上方0.1寸（指寸）），发于食指端配对侧的迎香（在面部，鼻翼外缘中点旁，鼻唇沟中）。火毒流注经络，配曲池（在前臂，肘横纹下3寸，阳溪与曲池连线上）、大椎（在脊柱区，第5胸椎棘突下凹陷中，后正中线上）；红丝疔，可沿红丝从终点依次点刺到起点，以泻其恶血；若为疔疮走黄，配十二井穴（人体十二条主要经络的起始穴位，位于手指和足趾的末端）、大椎（在脊柱区，第5胸椎棘突下凹陷中，后正中线上）、曲泽（在肘前区，肘横纹上，肱二头肌腱的尺侧缘凹陷中）点刺出血。高热配大椎（在脊柱区，第5胸椎棘突下凹陷中，后正中线上）、十宣（在手指，十指尖端，距指甲游离缘0.1寸（指寸），左右共10穴）；神昏配水沟（在面部，人中沟的上1/3与中1/3交点处）、十二井穴。
针灸中疔疮穴位方义？,疔疮为阳热过甚、火毒蕴结之病，故治疗本病首当针泻阳气。督脉总督一身之阳，灵台（在脊柱区，第9胸椎棘突下凹陷中，后正中线上）、身柱（在脊柱区，第5胸椎棘突下凹陷中，后正中线上）属督脉，为治疗疔疮之经验效穴，可疏泄阳热火毒；合谷（在手指，第2掌指关节桡侧远端赤白肉际处）属手阳明经，阳明经多气多血，故泻之可清热解毒，解肌表之毒邪；疔疮由于火毒流窜，凝滞于血分，故取“血郄”委中（在膝后区，腘横纹上1寸，股二头肌腱的内侧缘），刺之出血可清泻血分蕴热。
针灸中疔疮经络配穴的操作方法？,毫针泻法，或点刺出血。
针灸中疔疮的其他治疗方法？,"（1）三棱针法 在背部脊柱两旁寻找丘疹样突起点3～5个，三棱针挑刺出血3～4滴。
（2）隔蒜灸法 病变局部。将大蒜切成厚2～3mm的蒜片，用针扎数孔后，放置在患部行隔蒜灸。"
针灸中疔疮治疗的注意事项？,"1.疔疮初起切忌局部挤压、挑刺；红肿发硬时忌手术切开，以免引起感染扩散；如已成脓，应由外科及时切开排脓。
2.疔疮走黄，证情凶险，须及时进行综合治疗，积极抢救。治疗期间忌食鱼、虾及辛辣厚味。"
针灸中丹毒定义？,"丹毒是以患部皮肤突然灼热疼痛，色如涂丹，游走极快为主症的病证。本病好发于颜面和小腿部，其中生于下肢者，称“流火”，生于头面部者称“抱头火丹”，游走全身者称“赤游丹”。本病病位在肌肤腠理。
本病相当于西医学的急性网状淋巴管炎。"
针灸中丹毒辩证？,若发于头面部，伴恶寒发热，头痛，骨节疼痛，眼胞肿胀，舌红，苔薄黄，脉浮数，为火毒夹风；发于下肢，红斑表面出现黄色水疱，伴心烦胸闷，口苦口干，关节肿痛，小便黄赤，舌红，苔黄腻，脉弦滑数，为火毒夹湿；若出现壮热烦躁，胸闷呕吐，神昏谵语等，属火毒内陷，为危急之候。
针灸中丹毒基本病机？,其发生常与素体血分有热、肌肤破损、火毒入侵等因素有关。基本病机是血热火毒蕴结肌肤，病性为实证。
针灸中丹毒具体表现？,局部皮肤突然变赤，色如涂丹，焮红肿胀，边界分明，迅速蔓延。
针灸中丹毒针刺治法？,泻火解毒，凉血祛瘀。以督脉及手阳明经穴为主。
针灸中丹毒主穴：,大椎（在脊柱区，第5胸椎棘突下凹陷中，后正中线上） 曲池（在前臂，肘横纹下3寸，阳溪（在腕区，腕背侧远端横纹桡侧，桡骨茎突远端，解剖学“鼻烟窝”凹陷中）与曲池连线上） 合谷（在手指，第2掌指关节桡侧远端赤白肉际处） 委中（在膝后区，腘横纹上1寸，股二头肌腱的内侧缘） 阿是穴（指在患者身体上出现疼痛、压痛、酸胀、麻木或其他不适感的区域，这些区域往往是疾病反应的敏感点）
针灸中丹毒配穴：,火毒夹风配百会（在头部，前发际正中直上5寸）、风池（在颈后区，枕骨之下，胸锁乳突肌上端与斜方肌上端之间的凹陷中。注：项部枕骨下两侧，横平风府（在颈后区，枕外隆凸直下，两侧斜方肌之间凹陷中），胸锁乳突肌与斜方肌之间凹陷中）；火毒夹湿配阴陵泉（在小腿内侧，胫骨内侧髁下缘与胫骨内侧缘之间的凹陷中）、血海（在股前区，髌底内侧端上2寸，股内侧肌隆起处）、内庭（在足背，第2、3跖骨间，第2跖趾关节近端凹陷中）；火毒内陷配十宣（在手指，十指尖端，距指甲游离缘0.1寸（指寸），左右共10穴）或十二井穴（人体十二条主要经络的起始穴位，位于手指和足趾的末端）。
针灸中丹毒穴位方义？,阳盛则热，热甚为火，火极为毒，清火毒必当泻阳气。督脉为阳脉之海，阳明经多气多血，在三阳经中阳气最盛，故治疗本病取督脉、阳明经穴为主。大椎（在脊柱区，第5胸椎棘突下凹陷中，后正中线上）为督脉与诸阳经交会穴，合谷（在手指，第2掌指关节桡侧远端赤白肉际处）、曲池（在前臂，肘横纹下3寸，阳溪（在腕区，腕背侧远端横纹桡侧，桡骨茎突远端，解剖学“鼻烟窝”凹陷中）与曲池连线上）均属手阳明大肠经，三穴同用可泻阳气而清火毒；委中（在膝后区，腘横纹上1寸，股二头肌腱的内侧缘）别称“血郄”，凡血分热毒壅盛之急症，用之最宜；点刺大椎（在脊柱区，第5胸椎棘突下凹陷中，后正中线上）、委中（在膝后区，腘横纹上1寸，股二头肌腱的内侧缘）和阿是穴（指在患者身体上出现疼痛、压痛、酸胀、麻木或其他不适感的区域，这些区域往往是疾病反应的敏感点）出血既可清泻诸阳之热，又可清泄血分郁热，凉血解毒，寓“菀陈则除之”之意。
针灸中丹毒经络配穴的操作方法？,毫针泻法。大椎（在脊柱区，第5胸椎棘突下凹陷中，后正中线上）、委中（在膝后区，腘横纹上1寸，股二头肌腱的内侧缘）、十宣（在手指，十指尖端，距指甲游离缘0.1寸（指寸），左右共10穴）、十二井穴（人体十二条主要经络的起始穴位，位于手指和足趾的末端）、阿是穴（指在患者身体上出现疼痛、压痛、酸胀、麻木或其他不适感的区域，这些区域往往是疾病反应的敏感点）三棱针点刺出血。
针灸中丹毒的其他治疗方法？,"（1）耳针法 耳尖、耳背静脉、皮损对应部位、肾上腺、神门。耳尖、耳背静脉放血，余穴毫针刺，中度刺激。
（2）刺络拔罐法 对患部阿是穴（指在患者身体上出现疼痛、压痛、酸胀、麻木或其他不适感的区域，这些区域往往是疾病反应的敏感点。）用皮肤针叩刺或三棱针点刺出血，加拔火罐，使污血邪毒尽出，每日1次。面部慎用。
（3）火针法 患部阿是穴（指在患者身体上出现疼痛、压痛、酸胀、麻木或其他不适感的区域，这些区域往往是疾病反应的敏感点。），选用细火针快速刺，每隔1寸1穴。"
针灸中丹毒治疗的注意事项？,"1.针刺治疗丹毒有一定疗效，一般应配合内服或外用中药，以提高疗效，缩短病程。病情严重者，应中西医结合治疗。
2.针具应严格消毒，防止交叉感染。"
针灸中痄腮定义？,"痄腮是以发热、耳下腮部肿胀疼痛为主症的病证。又称“蛤蟆瘟”“大头瘟”等。其发生常与感受风热疫毒之邪有关。少阳、阳明经脉分别循行于耳下和腮部，风热疫毒之邪从口鼻而入，阻遏少阳、阳明经脉，郁而不散，蕴结于耳下腮部而发病。
痄腮相当于西医学的流行性腮腺炎，是由腮腺炎病毒引起的急性呼吸道传染病。本病常在冬、春季节流行，以学龄前后儿童多见。"
针灸中痄腮辩证？,若耳下腮部酸痛肿胀，或伴恶寒、发热，舌尖红，苔薄黄，脉浮数，为温毒在表；耳下腮部红肿热痛，坚硬拒按，咀嚼困难，发热，舌红，苔黄腻，脉弦数，为温毒蕴结；高热烦渴，或睾丸红肿疼痛，甚则神昏抽搐，舌红，苔黄燥，脉弦数，为温毒内陷。
针灸中痄腮基本病因？,其发生常与感受风热疫毒之邪有关。少阳、阳明经脉分别循行于耳下和腮部，风热疫毒之邪从口鼻而入，阻遏少阳、阳明经脉，郁而不散，蕴结于耳下腮部而发病。
针灸中痄腮基本病机？,基本病机是温毒之邪蕴结于少阳、阳明经。
针灸中痄腮具体表现？,主症 耳下腮部肿胀疼痛，一般是以耳垂为中心，向前、后、下发展，状如梨形，边缘不清；局部皮肤紧张、发亮但不红，触之坚韧有弹性，有轻触痛；咀嚼困难，常伴有发热。
针灸中痄腮针刺常用治法？,泻火解毒，消肿散结。以手少阳、手足阳明经穴为主。
针灸中痄腮主穴：,翳风（在颈部，耳垂后方，乳突下端前方凹陷中） 颊车（在面部，下颌角前上方一横指（中指），闭口咬紧牙时咬肌隆起，放松时按之有凹陷处） 外关（在前臂后区，腕背侧远端横纹上2寸，尺骨与桡骨间隙中点） 合谷（在手指，第2掌指关节桡侧远端赤白肉际处） 关冲（在手指，第4指末节尺侧，指甲根角侧上方0.1寸（指寸））
针灸中痄腮配穴：,温毒在表配风池（在颈后区，枕骨之下，胸锁乳突肌上端与斜方肌上端之间的凹陷中。注：项部枕骨下两侧，横平风府（在颈后区，枕外隆凸直下，两侧斜方肌之间凹陷中），胸锁乳突肌与斜方肌之间凹陷中）、少商（在手指，拇指末节桡侧，指甲根角侧上方0.1寸（指寸））；温毒蕴结配商阳（在手指，食指末节桡侧，指甲根角侧上方0.1寸（指寸））、曲池（在前臂，肘横纹下3寸，阳溪（在腕区，腕背侧远端横纹桡侧，桡骨茎突远端，解剖学“鼻烟窝”凹陷中）与曲池连线上）、大椎（在脊柱区，第5胸椎棘突下凹陷中，后正中线上）；温毒内陷配劳宫（在掌区，横平第3掌指关节近端，第2、3掌骨之间偏于第3掌骨）、曲泉（在膝部，腘横纹内侧端，半腱肌肌腱内缘凹陷中）、大敦（在足趾，大趾末节外侧，趾甲根角侧后方0.1寸（指寸））。高热配大椎（在脊柱区，第5胸椎棘突下凹陷中，后正中线上）、商阳（在手指，食指末节桡侧，指甲根角侧上方0.1寸（指寸））；睾丸肿痛配蠡沟（在小腿内侧，内踝尖上5寸，胫骨内侧面的中央）、太冲（在足背，第1、2跖骨间，跖骨底结合部前方凹陷中，或触及动脉搏动）；神昏抽搐配水沟（在面部，人中沟的上1/3与中1/3交点处）、十宣（在手指，十指尖端，距指甲游离缘0.1寸（指寸），左右共10穴）或十二井穴（人体十二条主要经络的起始穴位，位于手指和足趾的末端）。
针灸中痄腮穴位方义？,近取手足少阳之会翳风（在颈部，耳垂后方，乳突下端前方凹陷中）、足阳明经穴颊车（在面部，下颌角前上方一横指（中指），闭口咬紧牙时咬肌隆起，放松时按之有凹陷处），宣散局部郁滞之气血；远取手少阳经之络穴外关（在前臂后区，腕背侧远端横纹上2寸，尺骨与桡骨间隙中点）、手阳明之原穴合谷（在手指，第2掌指关节桡侧远端赤白肉际处）清泻郁热而解毒散结；手少阳井穴关冲（在手指，第4指末节尺侧，指甲根角侧上方0.1寸（指寸））点刺出血以疏利少阳之气机。诸穴合用，共奏疏风解表、清热解毒、消肿止痛之功。
针灸中痄腮经络配穴的操作方法？,毫针刺，用泻法。关冲（在手指，第4指末节尺侧，指甲根角侧上方0.1寸（指寸））、商阳（在手指，食指末节桡侧，指甲根角侧上方0.1寸（指寸））、十宣（在手指，十指尖端，距指甲游离缘0.1寸（指寸），左右共10穴）、十二井穴（人体十二条主要经络的起始穴位，位于手指和足趾的末端）点刺出血。
针灸中痄腮的其他治疗方法？,"（1）灯火灸法 取患侧角孙穴。将穴区头发剪短，局部消毒后施以灯火灸。一般轻者治疗1次即可；若肿势不退，次日再灸。
（2）耳针法 取耳尖、面颊、肾上腺、对屏尖、神门。每次选2～3穴，毫针强刺激，耳尖可放血。或用埋针法、压丸法。"
针灸中痄腮治疗的注意事项？,1.针灸治疗痄腮效果良好，若出现变证应结合其他治疗。2.本病传染性强，发病期应进行隔离。
针灸中乳痈定义？,"乳痈是以乳房红肿热痛，乳汁排出不畅，以致结脓成痈为主症的病证。多见于初产妇，好发于产后3～4周，又称“产后乳痈”。其发生常与外邪火毒入侵，或忧思恼怒、恣食厚味等因素有关。本病病位在乳房，足阳明胃经过乳房，足厥阴肝经至乳下，故本病主要与肝、胃两经关系密切。
本病相当于西医学的急性化脓性乳腺炎。"
针灸中乳痈辩证？,若乳房结块初起，肿胀疼痛，常伴有恶寒发热、全身不适，舌红，苔薄白或薄黄，脉浮数，为气滞热壅（郁乳期）；肿块逐渐增大，焮红灼热，痛如刀割，舌红，苔黄厚腻，脉弦数或滑数，为火毒炽盛（酿脓期）；肿块中央触之渐软，有应指感，或见乳头有脓汁排出，溃脓后乳房胀痛减轻，舌淡，苔白，脉弱无力，为正虚邪恋（溃脓期）。如脓肿破溃后脓流不畅、肿势和疼痛不减，病灶可能波及其他部位，形成“传囊乳痈”。
针灸中乳痈兼症辩证？,兼见胸闷胀痛，呕逆，纳呆，脉弦苔薄，为肝气郁结；口渴、口臭，便秘，苔黄腻，脉弦数，为胃热蕴滞；肿块增大，焮红疼痛，时有跳痛，舌苔黄，脉弦数，为火毒凝结。
针灸中乳痈基本病因？,其发生常与外邪火毒入侵，或忧思恼怒、恣食厚味等因素有关。
针灸中乳痈基本病机？,基本病机是胃热肝郁，火毒凝结。
针灸中乳痈具体表现？,乳房肿胀、热痛，排乳不畅。
针灸中乳痈针刺常用治法？,清热解毒，散结消痈。以足阳明、足厥阴经穴为主。
针灸中乳痈主穴：,足三里（在小腿外侧，犊鼻下3寸，胫骨前嵴外1横指处，犊鼻与解溪（在踝区，踝关节前面中央凹陷中，长伸肌腱与趾长伸肌腱之间）连线上） 期门（在胸部，第6肋间隙，前正中线旁开4寸） 膻中（在胸部，横平第4肋间隙，前正中线上） 内关（在前臂前区，腕掌侧远端横纹上2寸，掌长肌腱与桡侧腕屈肌腱之间） 肩井（在肩胛区，第7颈椎棘突与肩峰最外侧点连线的中点）
针灸中乳痈配穴：,乳房痛甚配少泽（在手指，小指末节尺侧，指甲根角侧上方0.1寸（指寸））、梁丘（在股前区，髌底上2寸，股外侧肌与股直肌肌腱之间）；恶寒发热配合谷（在手指，第2掌指关节桡侧远端赤白肉际处）、曲池（在前臂，肘横纹下3寸，阳溪（在腕区，腕背侧远端横纹桡侧，桡骨茎突远端，解剖学“鼻烟窝”凹陷中）与曲池连线上）；烦躁口苦配行间（在足背，第1、2趾间，趾蹼缘后方赤白肉际处）。肝气郁结配太冲（在足背，第1、2跖骨间，跖骨底结合部前方凹陷中，或触及动脉搏动）；胃热蕴滞配曲池（在前臂，肘横纹下3寸，阳溪（在腕区，腕背侧远端横纹桡侧，桡骨茎突远端，解剖学“鼻烟窝”凹陷中）与曲池连线上）、内庭（在足背，第2、3跖骨间，第2跖趾关节近端凹陷中）；火毒凝结配厉兑（在足趾，第2趾末节外侧，趾甲根角侧后方0.1寸（指寸））、大敦（在足趾，大趾末节外侧，趾甲根角侧后方0.1寸（指寸））点刺放血。
针灸中乳痈穴位方义？,乳痈为病，多为胃热、肝郁，故取足阳明经合穴、胃之下合穴足三里（在小腿外侧，犊鼻下3寸，胫骨前嵴外1横指处，犊鼻与解溪（在踝区，踝关节前面中央凹陷中，长伸肌腱与趾长伸肌腱之间）连线上），清泻阳明胃热，肝之募穴期门（在胸部，第6肋间隙，前正中线旁开4寸）疏肝解郁；膻中（在胸部，横平第4肋间隙，前正中线上）、内关（在前臂前区，腕掌侧远端横纹上2寸，掌长肌腱与桡侧腕屈肌腱之间）远近相配，宽胸理气；肩井（在肩胛区，第7颈椎棘突与肩峰最外侧点连线的中点）为治疗乳痈的经验效穴。
针灸中乳痈经络配穴的操作方法？,毫针刺，用泻法。膻中（在胸部，横平第4肋间隙，前正中线上）可向乳房中心方向平刺。
针灸中乳痈的其他治疗方法？,"（1）三棱针法 在背部肩胛区或脊柱两旁寻找米粒大小、指压不退色的数个红色阳性反应点，用三棱针挑刺出血。
（2）灸法 对患部阿是穴（指在患者身体上出现疼痛、压痛、酸胀、麻木或其他不适感的区域，这些区域往往是疾病反应的敏感点。）用葱白或大蒜捣烂，铺于乳房患处，用艾条熏灸20分钟左右，每日1～2次。用于乳痈初起未成脓时。"
针灸中乳痈治疗的注意事项？,"1.针灸治疗本病主要针对初起未化脓者，可配合按摩和热敷，有较好疗效，可有效提高治愈率，缩短病程。
2.本病若已化脓，应考虑转外科治疗。"
针灸中乳癖定义？,"乳癖是以女性乳房部出现慢性、良性多发性肿块和胀痛为主症的病证，又称“乳痰”“乳核”。常见于中青年女性，其发生多与情志内伤、忧思恼怒等因素有关。本病病位在乳房，与胃、肝、脾三经关系密切。
本病相当于西医学的乳腺小叶增生、乳房囊性增生、乳房纤维瘤等。"
针灸中乳癖辩证？,兼见急躁易怒，经行不畅，舌红，苔薄黄，脉弦滑，为肝郁气滞；乳房肿块胀痛，胸闷不舒，恶心欲呕，苔腻，脉滑，为痰浊凝结；乳房肿块和疼痛在月经前加重，腰酸乏力，月经失调，色淡量少，舌淡，脉沉细，为冲任失调。
针灸中乳癖基本病因？,其发生多与情志内伤、忧思恼怒等因素有关。本病病位在乳房，与胃、肝、脾三经关系密切。
针灸中乳癖基本病机？,基本病机是气滞痰凝，冲任失调。
针灸中乳癖具体表现？,单侧或双侧乳房发生单个或多个大小不等的肿块，增长缓慢，胀痛或压痛，表面光滑，边界清楚，推之可动，质地坚韧或呈囊性感。
针灸中乳癖针刺常用治法？,理气化痰，调理冲任。以任脉、足阳明、足厥阴经穴为主。
针灸中乳癖主穴：,膻中（在胸部，横平第4肋间隙，前正中线上） 乳根（在胸部，第5肋间隙，前正中线旁开4寸） 屋翳（在胸部，第2肋间隙，前正中线旁开4寸） 期门（在胸部，第6肋间隙，前正中线旁开4寸） 足三里（在小腿外侧，犊鼻下3寸，胫骨前嵴外1横指处，犊鼻与解溪（在踝区，踝关节前面中央凹陷中，长伸肌腱与趾长伸肌腱之间）连线上） 太冲（在足背，第1、2跖骨间，跖骨底结合部前方凹陷中，或触及动脉搏动）
针灸中乳癖配穴：,冲任失调配关元（在下腹部，脐中下3寸，前正中线上）、肝俞（在脊柱区，第9胸椎棘突下，后正中线旁开1.5寸）、肾俞（在脊柱区，第2腰椎棘突下，后正中线旁开1.5寸）。肝郁气滞配肝俞（在脊柱区，第9胸椎棘突下，后正中线旁开1.5寸）、内关（在前臂前区，腕掌侧远端横纹上2寸，掌长肌腱与桡侧腕屈肌腱之间）；痰浊凝结配丰隆（在小腿外侧，外踝尖上8寸，胫骨前肌外缘；条口外侧一横指处）、中脘（在上腹部，脐中上4寸，前正中线上）；
针灸中乳癖穴位方义？,膻中（在胸部，横平第4肋间隙，前正中线上）为气会，合期门（在胸部，第6肋间隙，前正中线旁开4寸）可宽胸理气，散结化滞；乳根（在胸部，第5肋间隙，前正中线旁开4寸）、屋翳（在胸部，第2肋间隙，前正中线旁开4寸）位于乳房局部，属胃经，可通调阳明经气；期门（在胸部，第6肋间隙，前正中线旁开4寸）邻近乳房，为肝之募穴，疏肝气，调冲任；循经远取足三里（在小腿外侧，犊鼻下3寸，胫骨前嵴外1横指处，犊鼻与解溪（在踝区，踝关节前面中央凹陷中，长伸肌腱与趾长伸肌腱之间）连线上）、太冲（在足背，第1、2跖骨间，跖骨底结合部前方凹陷中，或触及动脉搏动），分别疏通胃经、肝经气机。诸穴合用，可使痰化结散。
针灸中乳癖经络配穴的操作方法？,毫针泻法。膻中（在胸部，横平第4肋间隙，前正中线上）向患侧乳房平刺。
针灸中乳癖的其他治疗方法？,"（1）耳针法 内分泌、胸、乳腺、肝、胃、卵巢。毫针中度刺激，或用压丸法。
（2）穴位注射法 乳根、屋翳、肩井、天宗、足三里。每次选2～3个穴位，用当归或丹参注射液、维生素B12注射液，按1:1比例混合，每穴注入药液0.5mL左右。"
针灸中乳癖治疗的注意事项？,"1.针灸对本病有较好疗效，但需坚持。患者应保持心情舒畅，忌忧思恼怒。
2.本病应注意与乳腺癌相鉴别。"
针灸中肠痈定义？,"肠痈是以转移性右下腹疼痛、右下腹局限而固定的压痛、反跳痛为特征的病证。因本病在发病时有右腿不能伸直的体征，故有“缩脚肠痈”之称。本病病位在大肠。
本病相当于西医学的急、慢性阑尾炎。"
针灸中肠痈基本病机？,基本病机是肠腑气壅、热瘀互结、血败肉腐。
针灸中肠痈辩证？,若痛势不剧，伴有恶寒发热，恶心呕吐，苔白，脉弦紧，为肠腑气结；痛势剧烈，腹肌紧张、拘急、拒按，局部可触及肿块，壮热汗出，便秘，腹胀，小便短赤，脉洪数，为热盛肉腐，属重证。
针灸中肠痈基本病机？,其发生常与饮食不节、寒温不适、暴食后剧烈运动、忧思郁怒等因素有关。
针灸中肠痈具体表现？,转移性右下腹疼痛。疼痛呈持续性、阵发性加剧，右腿屈而难伸，右下腹有局限而固定的压痛、反跳痛，甚则出现腹肌紧张。
针灸中肠痈针刺常用治法？,清热导滞，通腑调气。取大肠的募穴、下合穴为主。
针灸中肠痈主穴：,天枢（在腹部，横平脐中，前正中线旁开2寸） 上巨虚（在小腿外侧，犊鼻下6寸，犊鼻与解溪（在踝区，踝关节前面中央凹陷中，长伸肌腱与趾长伸肌腱之间）连线上） 阑尾穴（在小腿外侧，髌韧带外侧凹陷下5寸，胫骨前嵴外一横指（中指））
针灸中肠痈配穴：,发热配曲池（在前臂，肘横纹下3寸，阳溪（在腕区，腕背侧远端横纹桡侧，桡骨茎突远端，解剖学“鼻烟窝”凹陷中）与曲池连线上）；呕吐配内关（在前臂前区，腕掌侧远端横纹上2寸，掌长肌腱与桡侧腕屈肌腱之间）；便秘配腹结（在下腹部，脐中下1.3寸，前正中线旁开4寸））；腹胀配大肠俞（在脊柱区，第4腰椎棘突下，后正中线旁开1.5寸）。
针灸中肠痈穴位方义？,本病为大肠腑病，故取大肠募穴天枢（在腹部，横平脐中，前正中线旁开2寸）、下合穴上巨虚（在小腿外侧，犊鼻下6寸，犊鼻与解溪（在踝区，踝关节前面中央凹陷中，长伸肌腱与趾长伸肌腱之间）连线上）以通调腑，清泻肠腑积热；阑尾穴（在小腿外侧，髌韧带外侧凹陷下5寸，胫骨前嵴外一横指（中指））是治疗肠痈的经验效穴。三穴共奏清热导滞散结之效。
针灸中肠痈经络配穴的操作方法？,毫针泻法，适当加强刺激强度，留针30～60分钟，其间应反复间断运针。急性期每日针2～3次。慢性阑尾炎腹部穴可用艾条灸或隔蒜灸、隔姜灸。
针灸中肠痈的其他治疗方法？,"（1）电针法 天枢、阑尾穴。电针刺激，强度以患者能耐受为度，每次30～60分钟，每日2次。
（2）穴位注射法 阑尾穴、腹部压痛点。10％葡萄糖注射液，每穴2～5mL，深度0.5～0.8寸。"
针灸中肠痈治疗的注意事项？,"1.针灸对单纯性阑尾炎和轻型化脓性阑尾炎有较好的疗效，对化脓有穿孔或坏死倾向者，应及时转外科处理。
2.阑尾穴对急慢性阑尾炎均有诊断和治疗作用，尤其是对急性阑尾炎的诊断意义重大。
3.饮食一般宜从禁食或流质，到半流质，再恢复至普食。"
针灸中痔疮定义？,"痔疮是以肛门内外出现小肉状突出物，排便时出血、脱出、肿痛为主症的病证，为成年人多发病。其发生常与久坐久立、负重远行、嗜食辛辣、酒色过度、久泻、久痢、长期便秘、劳倦胎产等因素有关。本病病位在肛肠。督脉过直肠，膀胱经别入肛中，故本病与膀胱经、督脉关系密切。
西医学中，根据痔核与肛门齿状线的位置关系将痔疮分为内痔、外痔和混合痔。"
针灸中痔疮辩证？,兼见肛内肿物脱出，肛缘水肿，触痛明显，大便带血，舌暗红，苔白或黄，脉弦细涩，为气滞血瘀；痔疮灼热疼痛，或流黄水，肛门坠胀，便血鲜红，舌红，苔黄腻，脉滑数，为湿热下注；病久伴有脱肛、乏力，便时肛内肿物脱出，不能自行还纳，便血色淡，少气懒言，面色少华，舌淡，苔白，脉细弱，属脾虚气陷。
针灸中痔疮基本病机？,基本病机是肛部筋脉横懈。
针灸中痔疮具体表现？,肛门部出现小肉状突出物，无症状或仅有异物感，也可伴有肛门处疼痛、肿胀、瘙痒和大便时出血。
针灸中痔疮针刺常用治法？,清热利湿，化瘀止血。取督脉和足太阳经穴为主。
针灸中痔疮主穴：,长强（在会阴区，尾骨下方，尾骨端与肛门连线的中点处） 会阳（在骶区，尾骨端旁开0.5寸） 次髎（在骶区，正对第2骶后孔中） 承山（在小腿后区，腓肠肌两肌腹与肌腱交角处） 二白（在前臂前区，腕掌侧远端横纹上4寸，桡侧腕屈肌腱的两侧，一肢2穴）
针灸中痔疮配穴：,气滞血瘀配太冲（在足背，第1、2跖骨间，跖骨底结合部前方凹陷中，或触及动脉搏动）、血海（在股前区，髌底内侧端上2寸，股内侧肌隆起处）；湿热下注配中极（在下腹部，脐中下4寸，前正中线上）、阴陵泉（在小腿内侧，胫骨内侧髁下缘与胫骨内侧缘之间的凹陷中）；脾虚气陷配神阙（在脐区，脐中央）、百会（在头部，前发际正中直上5寸）。肛门肿痛配孔最（在前臂前区，腕掌侧远端横纹上7寸，尺泽与太渊（在腕前区，桡骨茎突与舟状骨之间，拇长展肌腱尺侧凹陷中）连线上）、飞扬（在小腿后区，昆仑（在踝区，外踝尖与跟腱之间的凹陷中）直上7寸，腓肠肌外下缘与跟腱移行处）；便秘配支沟（在前臂后区，腕背侧远端横纹上3寸，尺骨与桡骨间隙中点）、天枢（在腹部，横平脐中，前正中线旁开2寸）；便后出血配孔最（在前臂前区，腕掌侧远端横纹上7寸，尺泽与太渊（在腕前区，桡骨茎突与舟状骨之间，拇长展肌腱尺侧凹陷中）连线上）、膈俞（在脊柱区，第7胸椎棘突下，后正中线旁开1.5寸）。
针灸中痔疮穴位方义？,近部取长强（在会阴区，尾骨下方，尾骨端与肛门连线的中点处）穴，可疏导肛门瘀滞之气血；足太阳经别“别入肛中”，取足太阳之会阳（在骶区，尾骨端旁开0.5寸）、次髎（在骶区，正对第2骶后孔中）、承山（在小腿后区，腓肠肌两肌腹与肌腱交角处）能清泻肛肠湿热、消肿止痛、凉血止血；二白（在前臂前区，腕掌侧远端横纹上4寸，桡侧腕屈肌腱的两侧，一肢2穴）为治疗痔疮经验穴。
针灸中痔疮经络配穴的操作方法？,长强（在会阴区，尾骨下方，尾骨端与肛门连线的中点处）沿尾骶骨内壁进针1～1.5寸，要求针感扩散至肛门周围；承山（在小腿后区，腓肠肌两肌腹与肌腱交角处）穴向上斜刺，使针感向上传导。脾虚气陷用补法，配合灸神阙（在脐区，脐中央）、百会（在头部，前发际正中直上5寸）。
针灸中痔疮的其他治疗方法？,"（1）三棱针法 取第7胸椎至腰骶部两侧范围内红色丘疹点，一个或数个不等，每次选一个点挑刺，并挤出黏液，7天左右1次。在龈交穴处若发现有一米粒大的小疙瘩，用三棱针挑破，放出少量血液。
（2）穴位埋线法 关元俞、大肠俞、承山。埋入羊肠线，20～30天1次。
（3）针刀疗法 选取痔核局部，用1%利多卡因局部麻醉后，采用针刀松解痔核基底部，5～7日1次，一般痔核会自行枯萎、脱落。"
针灸中痔疮治疗的注意事项？,"1.痔疮肿痛发作时，用针刺能缓解症状，病情严重者应专科处理。
2.忌食辛辣刺激性食物，保持大便通畅。本病应与直肠癌、直肠息肉等相鉴别。"
针灸中项痹定义？,项痹是以头颈部疼痛，活动不利，甚至肩背疼痛，或肢体一侧或两侧麻木疼痛，或头晕目眩，或下肢无力，步态不稳，甚至肌肉萎缩等为主症的病证。本病归属中医学“痹证”“痿证”“项强”“颈肩痛”范畴。其发生与年老体衰、长期劳损、感受外邪或跌仆损伤等因素有关。本病病位在颈项部，涉及督脉、足太阳膀胱经、手太阳和手阳明经经脉及其经筋。本病相当于西医学的颈椎病，根据临床表现可分为颈型、神经根型、椎动脉型、脊髓型、交感型及混合型。
针灸中项痹辩证？,"（1）辨经络 颈项、后枕部疼痛，项部僵紧不舒，为督脉、足太阳经证；颈项部不舒，压痛明显，疼痛可沿前臂尺侧放射，第4～5指麻木，为手太阳经证；颈、肩、上臂的外侧和前臂桡侧发生放射性疼痛、麻木，可伴有拇指、食指和中指麻木，为手阳明经证。
（2）辨证候 久卧湿地或夜寐露肩而致项强脊痛，肩臂酸楚，颈部活动受限，甚则手臂麻木冷痛，遇寒加重，舌淡苔白，脉弦紧，为风寒痹阻；若在外伤后出现颈项、肩臂疼痛，手指麻木，劳累后加重，项部僵硬或肿胀，活动不利，肩胛冈上下窝及肩峰有压痛，舌质紫暗有瘀点，脉涩，为劳伤血瘀；颈项、肩臂疼痛，四肢麻木乏力，头晕耳鸣，腰膝酸软，遗精或月经不调，舌红少苔，脉细弱，为肝肾亏虚。"
针灸中项痹经络辩证？,辨经络 颈项、后枕部疼痛，项部僵紧不舒，为督脉、足太阳经证；颈项部不舒，压痛明显，疼痛可沿前臂尺侧放射，第4～5指麻木，为手太阳经证；颈、肩、上臂的外侧和前臂桡侧发生放射性疼痛、麻木，可伴有拇指、食指和中指麻木，为手阳明经证。
针灸中项痹证候辩证？,辨证候 久卧湿地或夜寐露肩而致项强脊痛，肩臂酸楚，颈部活动受限，甚则手臂麻木冷痛，遇寒加重，舌淡苔白，脉弦紧，为风寒痹阻；若在外伤后出现颈项、肩臂疼痛，手指麻木，劳累后加重，项部僵硬或肿胀，活动不利，肩胛冈上下窝及肩峰有压痛，舌质紫暗有瘀点，脉涩，为劳伤血瘀；颈项、肩臂疼痛，四肢麻木乏力，头晕耳鸣，腰膝酸软，遗精或月经不调，舌红少苔，脉细弱，为肝肾亏虚。
针灸中项痹基本病机？,基本病机是颈部寒湿痹阻，气滞血瘀或肝肾不足，筋骨肌肉失养。
针灸中项痹具体表现？,头枕、颈项、肩背、上肢等部位疼痛，及进行性肢体感觉和运动功能障碍。
针灸中项痹针刺常用治法？,舒筋骨，通经络。取局部穴位及手足太阳经穴为主。
针灸中项痹主穴：,颈夹脊（在脊柱区，第1胸椎至第5腰椎棘突下两侧，后正中线旁开0.5寸，一侧17穴） 阿是穴（指在患者身体上出现疼痛、压痛、酸胀、麻木或其他不适感的区域，这些区域往往是疾病反应的敏感点） 天柱（在颈后区，横平第2颈椎棘突上际，斜方肌外缘凹陷中） 后溪（在手内侧，第5掌指关节尺侧近端赤白肉际凹陷中） 申脉（在踝区，外踝尖直下，外踝下缘与跟骨之间凹陷中）
针灸中项痹配穴：,督脉、足太阳经证配风府（在颈后区，枕外隆凸直下，两侧斜方肌之间凹陷中）、昆仑（在踝区，外踝尖与跟腱之间的凹陷中）；手太阳经证配小海（在肘后区，尺骨鹰嘴与肱骨内上髁之间凹陷中）、少泽（在手指，小指末节尺侧，指甲根角侧上方0.1寸（指寸））；手阳明经证配肩髃（在三角肌区，肩峰外侧缘前端与肱骨大结节两骨间凹陷中）、曲池（在前臂，肘横纹下3寸，阳溪与曲池连线上）、合谷（在手指，第2掌指关节桡侧远端赤白肉际处）。风寒痹阻配风门、大椎（在脊柱区，第5胸椎棘突下凹陷中，后正中线上）；劳伤血瘀配膈俞（在脊柱区，第7胸椎棘突下，后正中线旁开1.5寸）、合谷（在手指，第2掌指关节桡侧远端赤白肉际处）；肝肾亏虚配肝俞（在脊柱区，第9胸椎棘突下，后正中线旁开1.5寸）、肾俞（在脊柱区，第2腰椎棘突下，后正中线旁开1.5寸）。头晕头痛配百会（在头部，前发际正中直上5寸）、风池（在颈后区，枕骨之下，胸锁乳突肌上端与斜方肌上端之间的凹陷中。注：项部枕骨下两侧，横平风府（在颈后区，枕外隆凸直下，两侧斜方肌之间凹陷中），胸锁乳突肌与斜方肌之间凹陷中）；恶心、呕吐配中脘（在上腹部，脐中上4寸，前正中线上）、内关（在前臂前区，腕掌侧远端横纹上2寸，掌长肌腱与桡侧腕屈肌腱之间）；耳鸣、耳聋配听宫（在面部，耳屏正中与下颌骨髁突之间的凹陷中）、外关（在前臂后区，腕背侧远端横纹上2寸，尺骨与桡骨间隙中点）。
针灸中项痹穴位方义？,颈夹脊（在脊柱区，第1胸椎至第5腰椎棘突下两侧，后正中线旁开0.5寸，一侧17穴）、阿是穴（指在患者身体上出现疼痛、压痛、酸胀、麻木或其他不适感的区域，这些区域往往是疾病反应的敏感点）、天柱（在颈后区，横平第2颈椎棘突上际，斜方肌外缘凹陷中）为局部选穴，可疏调颈部气血，舒筋骨，通经络；后溪（在手内侧，第5掌指关节尺侧近端赤白肉际凹陷中）、申脉（在踝区，外踝尖直下，外踝下缘与跟骨之间凹陷中）分属手足太阳经，且为八脉交会穴，后溪（在手内侧，第5掌指关节尺侧近端赤白肉际凹陷中）通督脉，申脉（在踝区，外踝尖直下，外踝下缘与跟骨之间凹陷中）通阳跷脉，两穴上下相配，功在疏导颈项、肩胛部气血。
针灸中项痹经络配穴的操作方法？,毫针泻法或平补平泻法。颈夹脊（在脊柱区，第1胸椎至第5腰椎棘突下两侧，后正中线旁开0.5寸，一侧17穴）针刺时强调针感传至患侧肩背、前臂。
针灸中项痹的其他治疗方法？,"（1）穴位注射法 阿是穴（指在患者身体上出现疼痛、压痛、酸胀、麻木或其他不适感的区域，这些区域往往是疾病反应的敏感点。）。用利多卡因，或维生素B12注射液、当归注射液，每次每穴注射1mL。
（2）刺络拔罐法 大椎（在脊柱区，第5胸椎棘突下凹陷中，后正中线上。）、颈夹脊、天柱、肩井、阿是穴（指在患者身体上出现疼痛、压痛、酸胀、麻木或其他不适感的区域，这些区域往往是疾病反应的敏感点。）。皮肤针叩刺使皮肤发红并有少量出血，然后加拔火罐。"
针灸中项痹治疗的注意事项？,"1.针灸治疗本病可明显改善症状，尤其对颈型、神经根型、椎动脉型有较好的效果；对其他类型颈椎病的症状也有一定改善作用，宜配合牵引、按摩、外敷治疗。若颈项部疼痛不适较甚者，配合颈夹脊行针刀、埋线疗法，可增强疗效。
2.长期伏案或低头工作者要注意颈部保健，工作1小时后要活动颈部，或自我按摩局部，放松颈部肌肉。平时应注意正确睡眠姿势，枕头高低要适中，同时注意颈部保暖，避免风寒之邪侵袭。
3.现代研究表明，针灸治疗颈椎病，与促进局部微循环、改善椎动脉供血、协调椎间盘周围的肌肉和韧带的运动、调节神经功能有关。"
针灸中落枕定义？,"落枕是以颈项突然发生疼痛、活动受限为主症的病证，又称“失枕”“失颈”。其发生常与睡眠姿势不正、枕头高低不适、颈部负重过度、寒邪侵袭等因素有关。本病病位在颈项部经筋，与督脉、手足太阳和少阳经密切相关。
西医学认为本病是各种原因导致的颈部肌肉痉挛。"
针灸中落枕辩证？,本病病位在颈项部经筋，与督脉、手足太阳和少阳经密切相关。基本病机是经筋受损，筋络拘急，气血阻滞不通。
针灸中落枕基本病机？,基本病机是经筋受损，筋络拘急，气血阻滞不通。
针灸中落枕具体表现？,落枕是以颈项突然发生疼痛、活动受限为主症的病证。
针灸中落枕针刺常用治法？,调气活血，舒筋通络。以局部阿是穴（指在患者身体上出现疼痛、压痛、酸胀、麻木或其他不适感的区域，这些区域往往是疾病反应的敏感点。）为主，配合远端取穴。
针灸中落枕主穴：,天柱（在颈后区，横平第2颈椎棘突上际，斜方肌外缘凹陷中） 阿是穴（指在患者身体上出现疼痛、压痛、酸胀、麻木或其他不适感的区域，这些区域往往是疾病反应的敏感点） 外劳宫（在手背，第2、3掌骨间，掌指关节后0.5寸（指寸）凹陷中）（在掌区，横平第3掌指关节近端，第2、3掌骨之间偏于第3掌骨）
针灸中落枕配穴：,督脉、太阳经证配后溪（在手内侧，第5掌指关节尺侧近端赤白肉际凹陷中）、昆仑（在踝区，外踝尖与跟腱之间的凹陷中）；少阳经证配肩井（在肩胛区，第7颈椎棘突与肩峰最外侧点连线的中点）、外关（在前臂后区，腕背侧远端横纹上2寸，尺骨与桡骨间隙中点）。肩痛配肩髃（在三角肌区，肩峰外侧缘前端与肱骨大结节两骨间凹陷中）；背痛配天宗（在肩胛区，肩胛冈中点与肩胛骨下角连线上1/3与下2/3交点凹陷中）。
针灸中落枕穴位方义？,天柱（在颈后区，横平第2颈椎棘突上际，斜方肌外缘凹陷中）、阿是穴（指在患者身体上出现疼痛、压痛、酸胀、麻木或其他不适感的区域，这些区域往往是疾病反应的敏感点）可疏导颈项部气血；外劳宫（在手背，第2、3掌骨间，掌指关节后0.5寸（指寸）凹陷中）（在掌区，横平第3掌指关节近端，第2、3掌骨之间偏于第3掌骨）又称落枕穴，是治疗本病的经验穴。局部与远端穴位相配，舒筋通络止痛。
针灸中落枕经络配穴的操作方法？,先刺远端穴外劳宫（在手背，第2、3掌骨间，掌指关节后0.5寸（指寸）凹陷中）（在掌区，横平第3掌指关节近端，第2、3掌骨之间偏于第3掌骨），持续捻转行针，同时嘱患者慢慢活动颈项，一般疼痛即可缓解；再针局部腧穴。若有感受风寒史，颈部穴位可加艾灸；若由颈项部过度扭转所致，可点刺出血，加拔罐。
针灸中落枕的其他治疗方法？,"（1）拔罐法 疼痛轻者直接在患侧项背部行闪罐法，顺着肌肉走行进行拔罐。疼痛较重者可先在局部用皮肤针叩刺出血，再拔火罐；也可行走罐法。
（2）耳针法 颈、颈椎、肩、枕、神门。每次选2～3穴，毫针刺，中等刺激，持续行针时嘱患者徐徐活动颈项部；或用压丸法。"
针灸中落枕治疗的注意事项？,"1.针灸治疗本病疗效显著，常可立即取效，针后可配合推拿和热敷。
2.睡眠时应注意枕头的高低要适度，避免风寒。反复出现落枕时，应考虑颈椎病。"
针灸中肩痹定义？,"肩痹是以肩部持续疼痛及活动受限为主症的病证。由于风寒是本病的重要诱因，故又称为“漏肩风”。多发于50岁左右的成人，故俗称“五十肩”。因患肩局部常畏寒怕冷，尤其后期常出现肩关节的炎症粘连和肌肉萎缩，肩部活动明显受限，故又称“肩凝症”“冻结肩”等。其发生与体虚、劳损、风寒侵袭肩部等因素有关。本病病位在肩部筋肉，与手三阳经、手太阴经关系密切。
本病相当于西医学的肩关节周围炎，是软组织退行性、炎症性病变。"
针灸中肩痹辩证？,以肩前区疼痛为主，后伸疼痛加剧，为手阳明经证；以肩外侧疼痛为主，外展疼痛加剧，为手少阳经证；以肩后侧疼痛为主，肩内收时疼痛加剧，为手太阳经证；以肩前近腋部疼痛为主且压痛明显，为手太阴经证。
针灸中肩痹基本病机？,基本病机是肩部经络阻滞不通或筋肉失于濡养。
针灸中肩痹具体表现？,肩部疼痛、酸重，呈静止痛，有时可向颈部和整个上肢放射，常因感受风寒、天气变化及劳累而诱发或加重，日轻夜重，肩前、后及外侧均有压痛；主动和被动外展、后伸、上举等功能明显受限。病变早期以肩部疼痛为主，后期以肩关节活动受限为主。病情迁延日久，可出现肩部肌肉萎缩。
针灸中肩痹针刺常用治法？,通经活络，舒筋止痛。以局部穴位为主，配合循经远端取穴。
针灸中肩痹主穴：,肩前 肩髃（在三角肌区，肩峰外侧缘前端与肱骨大结节两骨间凹陷中） 肩髎（在三角肌区，肩峰角与肱骨大结节两骨间凹陷中） 肩贞（在肩胛区，肩关节后下方，腋后纹头直上1寸） 阿是穴 曲池（在前臂，肘横纹下3寸，阳溪与曲池连线上） 阳陵泉（在小腿外侧，腓骨头前下方凹陷中）
针灸中肩痹配穴：,手阳明经证配合谷（在手指，第2掌指关节桡侧远端赤白肉际处）；手少阳经证配外关（在前臂后区，腕背侧远端横纹上2寸，尺骨与桡骨间隙中点）；手太阳经证配后溪（在手内侧，第5掌指关节尺侧近端赤白肉际凹陷中）；手太阴经证配列缺（在前臂，腕掌侧远端横纹上1.5寸，拇短伸肌腱和拇长展肌腱之间，拇长展肌腱沟的凹陷中）。
针灸中肩痹穴位方义？,肩髃（在三角肌区，肩峰外侧缘前端与肱骨大结节两骨间凹陷中）、肩髎（在三角肌区，肩峰角与肱骨大结节两骨间凹陷中）、肩贞（在肩胛区，肩关节后下方，腋后纹头直上1寸），分别为手阳明、手少阳、手太阳经穴，加奇穴肩前和阿是穴（指在患者身体上出现疼痛、压痛、酸胀、麻木或其他不适感的区域，这些区域往往是疾病反应的敏感点），均为局部选穴，配远端曲池（在前臂，肘横纹下3寸，阳溪与曲池连线上）、阳陵泉（在小腿外侧，腓骨头前下方凹陷中），远近配穴，可疏通肩部经络气血，行气活血而止痛。
针灸中肩痹经络配穴的操作方法？,先刺远端穴，行针后鼓励患者运动肩关节；肩部穴位要求有强烈的针感，可加灸法、电针治疗。
针灸中肩痹的其他治疗方法？,"（1）火针法 阿是穴（指在患者身体上出现疼痛、压痛、酸胀、麻木或其他不适感的区域，这些区域往往是疾病反应的敏感点。）。常规消毒后，将火针置酒精灯上烧红，迅速点刺阿是穴（指在患者身体上出现疼痛、压痛、酸胀、麻木或其他不适感的区域，这些区域往往是疾病反应的敏感点。）2～3次，出针后用干棉球轻轻揉按针眼。疼痛剧烈可每日治疗1次，慢性疼痛可3～5日治疗1次。
（2）刺络拔罐法 阿是穴（指在患者身体上出现疼痛、压痛、酸胀、麻木或其他不适感的区域，这些区域往往是疾病反应的敏感点。）。皮肤针叩刺使少量出血，加拔罐。
（3）穴位注射法 阿是穴（指在患者身体上出现疼痛、压痛、酸胀、麻木或其他不适感的区域，这些区域往往是疾病反应的敏感点。）。用利多卡因，或维生素B12注射液，或当归注射液，每穴注射1mL，隔日1次。（4）针刀疗法 阿是穴（指在患者身体上出现疼痛、压痛、酸胀、麻木或其他不适感的区域，这些区域往往是疾病反应的敏感点。）。选用4号针刀在各穴位点刺，常规针刀松解，每周1次。"
针灸中肩痹治疗的注意事项？,"1.针灸治疗本病有较好的疗效，治疗越早疗效越好。但必须明确诊断，排除肩关节结核、肿瘤、骨折、脱臼等疾病，并与颈椎病、内脏病引起的牵涉痛相区别。
2.对组织粘连、肌肉萎缩者，应结合推拿治疗，以提高疗效。平时应进行适当的肩部功能练习，注意肩部保暖，避免风寒侵袭。
3.现代研究表明，针灸通过局部刺激可减弱或拮抗痛觉感受器对痛觉的传导，提高痛阈值，达到止痛的目的。针灸还可以促进肩关节局部的微循环及营养代谢，从而有利于炎症水肿吸收和局部堆积的代谢产物的输送，缓解肌肉痉挛，松解粘连，改善功能。"
针灸中臂丛神经痛定义？,臂丛神经痛是以锁骨上窝、肩、腋、前臂尺侧等部位出现强烈的放射性烧灼样或针刺样疼痛为主要临床表现的疾病，可伴有肢体运动、感觉障碍和肌肉萎缩。临床可分原发性（特发性）和继发性两类。原发性病因不明，可能是一种变态反应性疾病，可见于轻度外伤、注射、疫苗接种或轻度系统性感染后。继发性多是臂丛邻近组织病变压迫引起。
针灸中臂丛神经痛辩证？,"（1）辨经络 以肩后部痛为主，疼痛和麻木可由患侧肩胛区向臂外尺侧放射，为手太阳经证；以肩部腋下痛为主，疼痛和麻木可向臂内侧手掌尺侧放射，为手少阴经证；以肩前部痛为主，疼痛和麻木可由患侧肩胛区向臂外桡侧放射，为手阳明经证。
（2）辨证候 发病前有恶寒、发热等外感症状或有局部受凉史，为外邪侵袭；有肩臂腋部损伤或劳损史，局部压痛明显，舌暗或可见瘀斑，脉涩，为瘀血阻滞。"
针灸中臂丛神经痛基本病机？,臂丛神经痛属中医学“痹证”“肩臂痛”“腋痛”等范畴，其发生常与风寒湿热侵袭、跌打损伤有关，与手太阳、手阳明、手少阴经关系密切。基本病机是经络气血阻滞不通。
针灸中臂丛神经痛具体表现？,锁骨上窝、肩、腋、前臂尺侧等部位出现强烈的放射性甚至呈刀割样、撕裂样、烧灼样或针刺样疼痛。
针灸中臂丛神经痛治法？,疏通经络，活血止痛。以局部穴为主。
针灸中臂丛神经痛主穴：,颈5～胸1夹脊 颈臂 肩贞（在肩胛区，肩关节后下方，腋后纹头直上1寸） 肩髃（在三角肌区，肩峰外侧缘前端与肱骨大结节两骨间凹陷中） 阿是穴（指在患者身体上出现疼痛、压痛、酸胀、麻木或其他不适感的区域，这些区域往往是疾病反应的敏感点）
针灸中臂丛神经痛配穴：,手太阳经证配支正（在前臂后区，腕背侧远端横纹上5寸，尺骨尺侧与尺侧腕屈肌之间）、后溪（在手内侧，第5掌指关节尺侧近端赤白肉际凹陷中）；手少阴经证配极泉、少海、通里；手阳明经证配曲池（在前臂，肘横纹下3寸，阳溪与曲池连线上）、合谷（在手指，第2掌指关节桡侧远端赤白肉际处）。外邪侵袭配风池（在颈后区，枕骨之下，胸锁乳突肌上端与斜方肌上端之间的凹陷中。注：项部枕骨下两侧，横平风府（在颈后区，枕外隆凸直下，两侧斜方肌之间凹陷中），胸锁乳突肌与斜方肌之间凹陷中）、合谷（在手指，第2掌指关节桡侧远端赤白肉际处）；瘀血阻滞配内关（在前臂前区，腕掌侧远端横纹上2寸，掌长肌腱与桡侧腕屈肌腱之间）、膈俞（在脊柱区，第7胸椎棘突下，后正中线旁开1.5寸）。
针灸中臂丛神经痛穴位方义？,臂丛由颈5至胸1的神经根组成，故取颈5～胸1夹脊，配合局部选取肩髃（在三角肌区，肩峰外侧缘前端与肱骨大结节两骨间凹陷中）、肩贞（在肩胛区，肩关节后下方，腋后纹头直上1寸）、阿是穴（指在患者身体上出现疼痛、压痛、酸胀、麻木或其他不适感的区域，这些区域往往是疾病反应的敏感点），以疏通局部经络气血，行气活血而止痛；颈臂为奇穴，是治疗上肢痹痛的经验效穴。
针灸中臂丛神经痛经络配穴的操作方法？,颈臂直刺0.5～0.8寸，提插手法，使针感向上肢、手指放射；肩部穴位可加灸法，亦可用电针治疗。
针灸中臂丛神经痛的其他治疗方法？,"（1）刺络拔罐法 肩髃、肩贞、阿是穴（指在患者身体上出现疼痛、压痛、酸胀、麻木或其他不适感的区域，这些区域往往是疾病反应的敏感点。）。三棱针点刺出血，拔火罐；或皮肤针叩刺出血，拔火罐。
（2）穴位注射法 颈5～胸1夹脊、阿是穴（指在患者身体上出现疼痛、压痛、酸胀、麻木或其他不适感的区域，这些区域往往是疾病反应的敏感点。）。用利多卡因，或维生素B12注射液、当归注射液，每穴注射0.5～1mL，隔日1次。"
针灸中臂丛神经痛治疗的注意事项？,"1.针灸治疗本病有较好的疗效，可明显缓解疼痛。继发性臂丛神经痛要针对原发病治疗，解除致病因素。
2.急性期患者要注意休息，避免提重物；患者平时要注意保暖，避免风寒侵袭。"
针灸中肘劳定义？,"肘劳是以肘部局限性慢性疼痛为主症的病证。属中医学“伤筋”“痹证”范畴。多因前臂旋转和屈伸肘腕关节用力不当所致，可见于木工、钳工、水电工、矿工及网球运动员等。
本病可见于西医学的肱骨外上髁炎（网球肘）、肱骨内上髁炎（高尔夫球肘）和尺骨鹰嘴炎（学生肘或矿工肘）等。"
针灸中肘劳辩证？,肘关节外上方（肱骨外上髁周围）有明显的压痛点，为手阳明经筋证；肘关节外部（尺骨鹰嘴处）有明显的压痛点，为手少阳经筋证；肘关节内下方（肱骨内上髁周围）有明显的压痛点，为手太阳经筋证。
针灸中肘劳基本病机？,其发生常与慢性劳损有关，前臂长期反复做拧、拉、旋转等动作时，可使肘部的经筋慢性损伤。本病病位在肘部手三阳经筋。基本病机是筋脉不通，气血痹阻。
针灸中肘劳具体表现？,肘关节活动时疼痛，有时可向前臂、腕部和上臂放射，局部肿胀不明显，有明显而固定的压痛点，肘关节活动不受限。
针灸中肘劳主穴：,阿是穴（指在患者身体上出现疼痛、压痛、酸胀、麻木或其他不适感的区域，这些区域往往是疾病反应的敏感点）
针灸中肘劳配穴：,手阳明经筋证配肘髎（在肘区，肱骨外上髁上缘，髁上嵴的前缘）、合谷（在手指，第2掌指关节桡侧远端赤白肉际处）；手少阳经筋证配外关（在前臂后区，腕背侧远端横纹上2寸，尺骨与桡骨间隙中点）、天井（在肘后区，肘尖上1寸凹陷中）；手太阳经筋证配阳谷（在腕后区，尺骨茎突与三角骨之间的凹陷中）。
针灸中肘劳穴位方义？,阿是穴（指在患者身体上出现疼痛、压痛、酸胀、麻木或其他不适感的区域，这些区域往往是疾病反应的敏感点）疏通局部筋脉气血，活血止痛。
针灸中肘劳经络配穴的操作方法？,在局部压痛点采用多向透刺，或做多针齐刺，得气后留针。局部可加温和灸、隔姜灸或天灸。亦可取阿是穴（指在患者身体上出现疼痛、压痛、酸胀、麻木或其他不适感的区域，这些区域往往是疾病反应的敏感点）和配穴用电针治疗。
针灸中肘劳的其他治疗方法？,"（1）刺络拔罐法 阿是穴（指在患者身体上出现疼痛、压痛、酸胀、麻木或其他不适感的区域，这些区域往往是疾病反应的敏感点。）。皮肤针叩刺或三棱针点刺出血后拔罐，3～5日治疗1次。
（2）火针法 阿是穴（指在患者身体上出现疼痛、压痛、酸胀、麻木或其他不适感的区域，这些区域往往是疾病反应的敏感点。）。常规消毒后将火针置酒精灯上烧红，迅速点刺，3～5日治疗1次。
（3）穴位注射法 阿是穴（指在患者身体上出现疼痛、压痛、酸胀、麻木或其他不适感的区域，这些区域往往是疾病反应的敏感点。）。当归注射液，注入1mL，隔日1次。
（4）针刀疗法 用针刀松解肱骨外上髁、肱骨内上髁部位肌腱附着点的粘连。"
针灸中肘劳治疗的注意事项？,"1.针灸治疗本病有较好的疗效，在治疗方法上要注重灸法的应用。
2.治疗期间应避免肘部过度用力，同时注意局部保暖，免受风寒。"
针灸中腱鞘囊肿定义？,腱鞘囊肿是指关节附近的腱鞘内滑液增多，发生囊性疝出而形成的囊肿。多发于手腕背侧、足背部，手指掌指关节及近侧指间关节处也常见到。一般认为肌腱或关节的长期过度劳损使滑膜腔内滑液增多而形成囊性疝出，以及结缔组织的黏液性退行性变可能是发病的重要原因。
针灸中腱鞘囊肿辩证？,本病病位在筋，属经筋病。
针灸中腱鞘囊肿基本病机？,腱鞘囊肿属中医学“筋结”“筋聚”或“筋瘤”范畴。其发生多与患部关节活动、劳损或外伤刺激等因素有关。基本病机为经筋劳伤，气津凝滞。
针灸中腱鞘囊肿具体表现？,腕背部或足背部出现囊性肿物，呈半圆球形，表面光滑，边界清楚，质软，有波动感，压痛轻微或无压痛；囊液充满时，囊壁变为坚硬，局部压痛。
针灸中腱鞘囊肿主穴：,阿是穴（指在患者身体上出现疼痛、压痛、酸胀、麻木或其他不适感的区域，这些区域往往是疾病反应的敏感点）
针灸中腱鞘囊肿配穴：,发于腕背部配阳溪（在腕区，腕背侧远端横纹桡侧，桡骨茎突远端，解剖学“鼻烟窝”凹陷中）、阳池（在腕后区，腕背侧远端横纹上，指伸肌腱的尺侧缘凹陷中）或外关（在前臂后区，腕背侧远端横纹上2寸，尺骨与桡骨间隙中点）；发于足背部配解溪（在踝区，踝关节前面中央凹陷中，长伸肌腱与趾长伸肌腱之间）。
针灸中腱鞘囊肿穴位方义？,本病属经筋病，“在筋守筋”，故局部阿是穴（指在患者身体上出现疼痛、压痛、酸胀、麻木或其他不适感的区域，这些区域往往是疾病反应的敏感点）用点刺和围刺法，可以起到散结消肿、疏调经筋的作用。
针灸中腱鞘囊肿经络配穴的操作方法？,暴露患处，常规消毒，术者以左手拇指、食指挤住囊肿，将内容物推至一边，避开血管及肌腱，使囊肿突起，然后用粗毫针或三棱针自囊肿顶部刺入，并向四周深刺，将囊壁刺破，迅速用力挤出浓稠胶冻状物质。加压包扎3～5天。囊肿较大者，可用注射器抽吸囊液，复针刺数孔，并加压包扎。
针灸中腱鞘囊肿的其他治疗方法？,"（1）火针法 阿是穴（指在患者身体上出现疼痛、压痛、酸胀、麻木或其他不适感的区域，这些区域往往是疾病反应的敏感点。）。囊肿局部常规消毒，医者左手掐持囊肿，右手持火针对准囊肿高点迅速刺入，将表层囊壁刺破，并快速拔针，同时左手用力挤压囊肿，尽量使囊内的黏稠状物全部排出，然后常规消毒并加压包扎3～5日。一般1次即可，若囊肿未全消或复发，可于1周后再行治疗1次。
（2）艾灸法 阿是穴（指在患者身体上出现疼痛、压痛、酸胀、麻木或其他不适感的区域，这些区域往往是疾病反应的敏感点。），可根据病变部位配局部经穴。以艾条温和灸，每次施灸15～20分钟。"
针灸中腱鞘囊肿治疗的注意事项？,"1.针灸治疗本病疗效较为满意，尤以火针、三棱针法效佳，但应注意严格消毒，以防感染。
2.治疗期间和治愈初期，应注意休息，避免局部过劳，以防止复发。"
针灸中腱鞘炎定义？,腱鞘炎是以手腕部（或足踝部）的腱鞘因外伤、劳损而出现以受累关节屈伸不利、局部肿痛为主要症状的疾病。本病多发生在手腕部，以桡骨茎突部狭窄性腱鞘炎和屈指肌腱狭窄性腱鞘炎最为常见。多见于手工操作者，女性多于男性。
针灸中腱鞘炎辩证？,桡骨茎突处疼痛，可向手及前臂放射，以拇展肌腱受累为主，在列缺、阳溪附近有明显压痛，为手太阴、手阳明经筋证；当手指屈曲时疼痛、活动受限，甚至出现“弹响”或一时的“交锁”现象，系指屈肌腱受累，为手厥阴经筋证；当手指伸展时疼痛、活动受限，以指伸肌腱受累为主，在阳池、合谷（在手指，第2掌指关节桡侧远端赤白肉际处。）附近有明显压痛，为手少阳、手阳明经筋证；当拇指屈曲时疼痛，以拇屈肌腱受累为主，在鱼际、太渊附近有压痛，为手太阴经筋证。
针灸中腱鞘炎基本病机？,腱鞘炎属中医学“筋痹”范畴，其发生与劳作过度、外邪侵袭等因素有关。本病病位在经筋。基本病机是筋脉痹阻，气血运行不畅。
针灸中腱鞘炎具体表现？,患指腱鞘处肿胀疼痛，受累关节活动不利，有时可触及皮下硬节。
针灸中腱鞘炎主穴：,阿是穴（指在患者身体上出现疼痛、压痛、酸胀、麻木或其他不适感的区域，这些区域往往是疾病反应的敏感点）
针灸中腱鞘炎配穴：,手太阴、手阳明经筋证配阳溪（在腕区，腕背侧远端横纹桡侧，桡骨茎突远端，解剖学“鼻烟窝”凹陷中）、列缺（在前臂，腕掌侧远端横纹上1.5寸，拇短伸肌腱和拇长展肌腱之间，拇长展肌腱沟的凹陷中）；手厥阴经筋证配大陵（在腕前区，腕掌侧远端横纹中，掌长肌腱与桡侧腕屈肌腱之间）、内关（在前臂前区，腕掌侧远端横纹上2寸，掌长肌腱与桡侧腕屈肌腱之间）；手少阳、手阳明经筋证配外关（在前臂后区，腕背侧远端横纹上2寸，尺骨与桡骨间隙中点）、阳池（在腕后区，腕背侧远端横纹上，指伸肌腱的尺侧缘凹陷中）、合谷（在手指，第2掌指关节桡侧远端赤白肉际处）；手太阴经筋证配鱼际（在手外侧，第1掌骨桡侧中点赤白肉际处）、太渊（在腕前区，桡骨茎突与舟状骨之间，拇长展肌腱尺侧凹陷中）。
针灸中腱鞘炎穴位方义？,本病属经筋病证，“在筋守筋”，故取局部阿是穴（指在患者身体上出现疼痛、压痛、酸胀、麻木或其他不适感的区域，这些区域往往是疾病反应的敏感点）以舒筋活络，活血止痛。
针灸中腱鞘炎经络配穴的操作方法？,按照受累肌腱寻找痛点。以阿是穴（指在患者身体上出现疼痛、压痛、酸胀、麻木或其他不适感的区域，这些区域往往是疾病反应的敏感点）为中心，向四周透刺2～4针，或进行围刺法，可用电针、温针灸、艾灸等。
针灸中腱鞘炎的其他治疗方法？,"（1）穴位注射法 局部阿是穴（指在患者身体上出现疼痛、压痛、酸胀、麻木或其他不适感的区域，这些区域往往是疾病反应的敏感点。）。用强的松龙25mg和2%利多卡因1mL，局部消毒后刺入，无回血后缓慢注入药液。每周1次，可注射2～3次。
（2）火针法 局部阿是穴（指在患者身体上出现疼痛、压痛、酸胀、麻木或其他不适感的区域，这些区域往往是疾病反应的敏感点。）。将细火针烧至通红，速刺，深度约0.5cm，不留针。适用于病情较轻、病程较短者。"
针灸中腱鞘炎治疗的注意事项？,针灸治疗腱鞘炎疗效较佳。治疗期间应减少腕部活动，注意保暖，避免寒湿刺激。
