question,answer,source
针灸研究包括哪些？,目前针灸研究主要在针灸临床、实验研究等方面，并取得了一定进展。,手动录入
针灸临床适应证范围有哪些？,针灸临床适应证广，1980年WHO向全世界宣布，针灸的适应证为43 种；1996年WHO在意大利米兰会议上提出针灸的适应证为64种。2002 年杜元灏提出了针灸疾病谱的4级划分概念。国内研究报道针灸适应证 532种，国外130种。国外针灸研究主要以临床疗效的验证为主，而国内则注重针灸技术和病种的优势研究，随着进一步研究可能会发现更广的针灸应用领域。,手动录入
经穴效应特异性研究是什么？,经穴效应是否存在特异性是针灸研究面临的难题之一。国外报道研究结果不尽一致，关于针灸辨证取穴与否对疗效的影响，有研究显示有差异，有研究显示无差异。国内国家重点基础研究发展计划（973计划） 课题“经穴效应特异性基本规律及生物信息基础研究”（2006-2010)和“经穴效应循经特异性规律及关键影响因素基础研究”（2011-2016）均围绕该命题进行了系列研究。中国研究者报道的经穴效应特异性临床研究多 以阳性结果为主，如针刺经穴治疗偏头痛、功能性消化不良、痛经、缺 血性脑卒中、痛经、高血压、慢性稳定型心绞痛等的研究结果表明，针 刺经穴的疗效均优于非经非穴。经穴效应特异性与穴位敏化的关系也在 国家自然科学基金委员会资助、2016年正式启动的第一个中医药领域重 大项目“穴位的敏化研究”（2016-2020）中开展工作，期望将为经穴效 应特异性理论的阐释和发展做出新的贡献和努力。,手动录入
针刺手法的研究包括对哪些方面的研究？,针刺手法的研究主要是古代针刺手法的特色总结与探讨、针刺手法的临 床应用和机制等研究。有研究利用数据挖掘，对《内经》《难经》《针 灸大成》等经典著作及针灸医家针刺手法特色进行总结和分析。临床研 究重点在于提插补泻、捻转补泻、烧山火、透天凉、飞经走气等针刺手 法的临床应用，研究结果均显示了良好的临床疗效。机制研究方面主要 是古典针法的生物学基础，如提插、捻转、刺络疗法的血管生物学基 础，留针时间、不同针灸方法的效应差异等方面。研究结合生物力学原 理、计算机技术、传感技术、针刺手法仪、手法参数检测系统、电子针 灸仪等现代的技术对针刺手法的规范化、定量化、仿真化等进行探讨。,手动录入
得气的临床研究是什么方面的研究？,得气的临床研究主要是得气的客观化研究，从早期的定性研究逐渐深入 到定量及量化评价方向。研究内容主要基于电生理学及肌肉收缩、组织 功能表达及能量代谢、脑功能检测、量表测定的得气研究，机体相关因 素与得气的关系。有学者制订了得气区分和量化的量表，如针刺主观感 觉量表（SASS）、针刺感觉量表（MASS）、针刺感觉调查表 （SNSQ）等。,手动录入
针灸循证临床研究有哪些？,循证医学在针灸领域影响日益深入，1995年WHO西太平洋地区办事处 出版的《针灸临床研究方法指南》指出：多中心、随机对照临床试验 （RCTs）是针灸临床研究必须遵循的原则。目前针灸临床RCT研究主 要集中在有效性、安全性、耐受性的评价。2006年梁繁荣等发表的《中 国循证针灸学研究现状与展望》，首次提出了循证针灸学的概念，2009 年梁繁荣、吴曦等编写出版了《循证针灸学》（人民卫生出版社），在 针灸学领域运用循证医学方法开展针灸临床研究已经形成共识。也有研 究基于循证针灸开发了循证针灸智能诊疗设备。,手动录入
灸法的临床研究有哪些？,灸法的临床研究涉及不同灸材、艾烟、灸量及临床效应等方面。安全性 研究方面显示短期艾烟暴露对人体自主神经系统具有良性调整作用。研 究证实灸量是影响艾灸效应的重要因素，一定程度的灸量才能产生机体 保护作用，治疗效果和较佳灸量相关，而非最强灸量，不同灸量的调节 效应存在差异。艾灸新疗法热敏灸，又称腧穴热敏化艾灸疗法，是以腧 穴敏化理论为指导，选择热敏腧穴，施以饱和灸量，激发经气，气至病 所，从而显著提高了临床灸疗疗效。,手动录入
针灸实验研究包括哪些研究？,针灸镇痛作用的研究、灸法作用的研究、对机体各系统功能的调整作用、研究技术的发展与更新,手动录入
针灸镇痛作用的研究成果有哪些？,从针灸文献与近代的临床资料看，针灸具有良好的镇痛作用。20世纪50 年代，中国中医工作者首创了针刺麻醉，到20世纪60～70年代针麻已经 得到广泛应用。针刺麻醉机制复杂，现对针刺麻醉作用原理的研究多是 结合了现代的神经解剖生理学理论及经典的经络、穴位等传统中医理 论。众多的研究结果已证实针刺的针感、镇痛及其调节功能均与神经系 统功能(包括中枢及外周神经系统)有密切关系，其所取穴位是根据局部 感受器支配的神经与手术部位支配的神经脊髓节段所定位，通过对穴位 的有效针麻效应达到有效的镇痛作用。目前主要主张在针刺麻醉的同时 加上小剂量镇痛药物的针药复合麻醉或针刺复合麻醉方法，以补充其镇 痛不足。现代麻醉医学已不仅仅强调术中的麻醉效果，也非常重视术前 及围手术期的应激反应强度。研究提示，与其他麻醉方式相比，针刺麻 醉有减少术后炎症反应的可能，从而更好地恢复免疫调节功能。,手动录入
灸法作用做了哪些研究？,灸法理论与技术不断创新，973计划“灸法作用的基本原理与应用规律研 究”和“基于临床的灸法作用机理研究”以灸法临床有效的病证为载体， 揭示灸法的作用机理。灸法研究在灸材、施灸方法、灸量、艾灸理化特 性与安全性、效应规律与机制研究、文献研究等方面取得了一定进展。 在灸材方面，研究结果表明热水、烟条、激光虽均有一定的效应，但在 效应量及效应的全面性方面，以艾绒为最佳。艾在燃烧过程发出的光和 热有一定的光谱特性。艾烟具有广谱抗菌、抗病毒以及平喘等作用。从 实验的角度大量地研究了灸法对人体各大系统的作用，如艾灸具有抗 炎、抗自由基、降脂、促循环、免疫调节、增强器官功能、抗衰老、抗 抑郁、抗癌前病变等作用。,手动录入
针灸对机体各系统功能的调整作用有哪些？,大量的临床实践和实验研究证明针灸对机体的各系统、各器官的功能具 有多方面、多环节、多水平及多种途径的调节作用。针灸对各器官、各 系统疾病有治疗作用（如镇痛、止痉、抗感染、抗休克）。,手动录入
针灸实验研究如何进行？,针灸实验研 究多选择以电针为主要针刺方法来干预大鼠疾病模型，从而探讨针灸治 疗疾病的作用机制，针刺的主要靶点为具有多系统调节作用的穴位或相 关疾病的特效穴，如足三里、内关、百会、关元等。,手动录入
针灸实验所研究的疾病种类有哪些？,针灸实验所研究的疾病种类很多，主要是运用各种不同针灸方案研究针灸对呼吸系统、循 环系统、消化系统、血液系统、泌尿系统、生殖系统、内分泌系统、神 经系统等的作用机制，其中中枢神经系统疾病、心脑血管疾病及代谢性 疾病为多，研究深度目前已达分子遗传学水平。,手动录入
针灸实验目前研究阶段？,实验研究目前正在深入 研究针灸疗法的作用特点（如双向性、整体性等）的物质基础和规律， 如针刺信息特征的提取、储存，针刺作为生物电信息等在机体的传入、 整合、编码、传出的信号通路及其规律，针刺疗法对细胞水平的信号传 导途径和规律，针刺疗法对神经系统、对大脑水平影响的整体神经信息 特征。针灸作用原理已经从细胞、分子水平深入到了基因组学、蛋白质 组学、代谢组学水平，并将提升到系统生物学研究层次。,手动录入
针灸实验研究技术的发展与更新,针灸实验研究与研究技术密不可分。针灸机制的研究一直以来就是一个 在方法论不断创新的过程，不同时代、不同学科的研究技术都可以运用 到针灸研究领域。从解剖学、组织形态学、病理学、生物化学、分子生 物学等研究技术到整体行为学、基因组学、蛋白质组学、转录组学、代 谢组学、影像学、表观遗传学、脑功能连接组学等系统生物技术，都在 针灸学实验研究中充分运用。鉴于研究对象人与动物的差异，目前的基 础研究方向正逐步引入各种无创伤性人体检测研究技术，如磁共振、功 能磁共振、单光子发射扫描、正电子发射扫描、红外热像图、脑内光学 成像、脑磁图等并结合虚拟现实、人工智能、生物传感器等前沿技术进 行机制探讨，更真实反映针灸作用原理的本质。,手动录入
囟是什么？,巅顶前为囟。即现代解剖学上的前囟。婴儿额骨与左右顶骨未闭合时，称作囟门，可触及动脉搏动；已合，称作囟骨。,手动录入
颜是什么？,颜 又称庭、天庭，即额部中央。一说指左右眉目之间，一说指面部前 中央。,手动录入
阙是什么？,阙 又名印堂，俗称眉心，两眉之间称阙中；两眉之间微上方称阙上。,手动录入
阙中是什么？,两眉之间称阙中。,手动录入
阙上是什么？,两眉之间微上方称阙上。,手动录入
眉本是什么?,眉本 与眉梢对举，俗称眉头。即眉毛之内侧端。,手动录入
目窠是什么？,目窠 眼眶内凹陷如窝状的巢穴，又称眼窝。,手动录入
目胞是什么？,目胞 俗称眼胞，现称眼睑。又名目裹，上面称上眼睑，下面称下眼 睑。,手动录入
目纲是什么？,目纲 纲，或作网，又称眼弦，现称睑缘。即眼睑边缘生长睫毛处。上 面的称目上纲（网），或上弦，即上睑缘；下面的称目下纲（网），或 下弦，即下睑缘。,手动录入
目内眦是什么？,目内眦 又称大眦，即内眼角。,手动录入
目锐眦是什么？,目锐眦 又称小眦、目外眦，即外眼角。,手动录入
頞是什么？,頞（è）俗称鼻梁、山根，现称鼻根。即两目之间，鼻柱之上凹陷处。,手动录入
针灸中王宫是什么？,王宫 又称明堂骨，俗称鼻柱，即鼻根之下，鼻尖之上。或者指鼻根部。,手动录入
明堂是什么?,明堂 即鼻。一说指鼻尖。,手动录入
鼻准是什么？,鼻准 又称面王。指鼻尖、鼻头、准头。,手动录入
頄是什么？,"頄（qiú）亦称颧，即颧骨，为眼眶外下侧之高骨，或指内鼻旁间的部
位。",手动录入
颃颡是什么？,颃颡（hángsǎng）指上腭与鼻相通的部位，相当于鼻咽部。,手动录入
颏是什么？,颏（kē）又称地阁，俗称下巴，现称下颌骨体。,手动录入
吻是什么？,吻 指口四周之口唇。一说指两口角。,手动录入
顑是什么？,顑（kǎn）指口旁颊前肉之空软处，俗称腮。,手动录入
颐是什么？,颐（yí）口角外下方，腮部前方。,手动录入
颞颥是什么？,颞颥（nièrú）俗称太阳，现称翼点。眉弓外侧，颧骨弓上方。,手动录入
曲隅是什么？,曲隅 又名曲角、曲周，俗称鬓角。位于额角外下两旁，耳前上方的发 际呈弯曲下垂的部分。,手动录入
关是什么？,关 耳前核起之骨。,手动录入
耳蔽是什么？,耳蔽 耳前小珠，俗称耳门，现称耳屏。,手动录入
耳缺是什么？,耳缺 耳屏上切迹。,手动录入
引垂是什么？,引垂 即耳垂。,手动录入
颌是什么？,颌 又称辅车。即下颌骨支，为下颌骨的耳下部分。,手动录入
齿本是什么？,齿本 即牙齿的根部。,手动录入
牙车是什么？,牙车 即牙床,手动录入
曲牙是什么？,曲牙 即下牙床。因其弯曲向前，故名。,手动录入
曲颊是什么？,曲颊 指下颌角部。,手动录入
颊车是什么？,颊车 指下颌骨。,手动录入
舌本是什么？,舌本 即舌根。,手动录入
嗌是什么？,嗌 指食管上口（咽腔），又指喉咙。咽喉部的总称。,手动录入
颔是什么？,颔 颏结喉上，两侧肉之空软处。即下颌底与甲状软骨之间。,手动录入
玉枕骨是什么？,玉枕骨 枕外隆凸两旁高起之骨，现称枕骨上项线。,手动录入
完骨是什么？,完骨 又称寿台骨。指耳后之高骨，现称乳突。,手动录入
柱骨是什么？,柱骨 为颈椎的统称。又称天柱骨。,手动录入
缺盆是什么？,缺盆 指锁骨上窝。,手动录入
巨骨是什么？,巨骨 又称缺盆骨，现称锁骨,手动录入
两叉骨是什么？,两叉骨 指肩胛骨与锁骨相接之处，相当于肩锁关节部。古书称的巨骨穴，在两叉骨间。,手动录入
髃骨是什么？,髃骨 简称髃。又名肩髃、肩端骨，俗称肩头。相当于肩胛冈之肩峰 突。,手动录入
肩解是什么？,肩解 指肩端之骨节解处，现称肩关节。,手动录入
膺是什么？,膺 胸前两旁肌肉隆起处。相当于胸大肌处。,手动录入
膻中是什么？,膻中 两乳之间的部位。,手动录入
骬是什么？,骬（héyū）又称鸠尾、前蔽骨。胸骨下端蔽心之骨。现称胸骨剑突。,手动录入
胠是什么？,胠（qū）腋下胁上，是胁肋的总称。,手动录入
季胁是什么？,季胁 又称季肋、软肋、橛（jué）肋。即胁下软肋的部分。,手动录入
甲是什么？,甲 肩胛骨上1/3弯曲突出之处。现称肩胛冈。,手动录入
肩髆是什么？,肩髆 指两肩及肩之偏后部分，或为肩胛骨的别称。,手动录入
丹田是什么？,丹田 指脐直下3寸左右的部位，内与男子精室、女子胞宫所对应。,手动录入
横骨是什么？,横骨 指两股之间的横起之骨。相当于现代解剖学上的耻骨。,手动录入
曲骨是什么？,曲骨 位于横骨的中央部，现称耻骨联合。,手动录入
鼠蹊是什么？,鼠蹊（xī）即腹股沟部。,手动录入
气街是什么？,气街 指气冲部，当腹股沟股动脉搏动处。,手动录入
廷孔是什么？,廷孔 又作庭孔，指阴道口。,手动录入
针灸中篡是什么？,篡（0uàn）又名下极、屏翳，指前后二阴之间，即会阴部。,手动录入
下极是什么？,下极 指两阴之间，即会阴部，或指鼻根、肛门者。,手动录入
脊骨是什么？,脊骨 指脊椎骨（脊柱）。又名膂骨，俗名脊梁骨。中医指的脊多从第1 胸椎棘突开始，向下数至第4骶椎棘突，共21节。,手动录入
膂是什么？,膂（lǚ）又称膂筋。指脊柱两旁的肌肉，约当骶棘肌分布处。膂骨指脊骨，或指脊柱之统称，或指第1胸椎棘突。,手动录入
胂是什么？,胂（shēn）泛指脊柱两侧的肌群。或指髂嵴以下的肌肉部分。,手动录入
腰髁是什么？,腰髁（kē）指腰部两旁凸起之骨，与今之髂后上棘似。,手动录入
尻是什么？,尻 尾骶骨部分的统称。,手动录入
骶端是什么？,骶端 又称骶、尾骶、尾闾、穷骨、撅骨。指尻骨的末节，即尾骨。,手动录入
膊是什么？,膊 又称胳膊。指肩以下手腕以上的部分。一说指上臂外侧面。,手动录入
臑是什么？,臑（nà0）指肩至肘内侧靠近腋部隆起的肌肉，即肱二头肌部，或为上臂的统称，其屈侧称臑内，伸侧称臑外。,手动录入
分肉是什么？,分肉 泛指肌肉。,手动录入
辅骨是什么？,辅骨 在上肢，指桡骨。亦称上骨。在下肢指膝两侧之骨：内侧的名内 辅，即股骨下端的内侧髁与胫骨上端的内侧髁组成的骨突；外侧的名外 辅，即股骨外侧髁与胫骨外侧髁组成的骨突。或指腓骨，又称外辅骨。,手动录入
兑骨是什么？,兑骨 又称锐骨。尺骨下端之高骨。相当于尺骨茎突，或指豆骨。,手动录入
高骨是什么？,高骨 体表高突之骨的通称。或指大指侧臂骨下端的高起骨，相当于桡 骨茎突。,手动录入
寸口是什么？,寸口 两手桡侧掌横纹下，桡动脉搏动处。,手动录入
针灸中鱼是什么？,鱼 大指后侧隆起之肉。其外方赤白肉分界处叫鱼际。亦有称桡侧为大 鱼，尺侧为小鱼。,手动录入
将指是什么？,将指 即第3指。俗称中指（趾）。,手动录入
髀是什么？,髀（bì）指股骨之上端。一说为下肢膝上部分的通称。,手动录入
髀骨是什么？,髀骨 指膝上之大骨，今称股骨。,手动录入
髀枢是什么？,髀枢 指髋关节部。又名髀厌。或指股部外侧最上方，股骨向外上方显 著隆起的股骨大转子。,手动录入
髀关是什么？,髀关 大腿前上端，即股四头肌之上端。髀关穴居此。,手动录入
髀阳是什么？,髀阳 指大腿外侧部。,手动录入
股是什么？,股 膝以上通称股。俗称大腿。,手动录入
股阴是什么？,股阴 指大腿内侧部。,手动录入
鱼腹股是什么？,鱼腹股 大腿内侧，其形如鱼腹处。即股内收肌群处。,手动录入
伏兔是什么？,伏兔 大腿前正中部，股四头肌肌腹隆起处，其状如兔。,手动录入
腘是什么？,腘 膝部后面，腿部弯曲时形成凹窝，并呈现横缝（纹），分别称腘窝 和腘窝横纹,手动录入
膝解是什么？,膝解是指膝骨分解处，如今叫做膝关节。,手动录入
膑是什么？,膑 膝前的圆形骨，亦称膝盖骨。今称髌骨。,手动录入
犊鼻是什么？,犊鼻 即膝眼。状若牛鼻之两孔故名。,手动录入
胻是什么？,胻（hāng）即胫骨。一说指胫骨之下端。,手动录入
踹是什么？,踹 亦写作腨，又称腓肠，俗称小腿肚。今称腓肠肌。,手动录入
然骨是什么？,然骨 内踝下前方隆起之大骨，即舟骨粗隆。,手动录入
绝骨是什么？,绝骨 外踝之上3寸许，腓骨凹陷的部位。悬钟穴所在。,手动录入
跗是什么？,跗 又称趺或足趺，即足背。,手动录入
核骨是什么？,核骨 足第1跖趾关节内侧的圆形突起。,手动录入
京骨是什么？,京骨 足外侧缘中间隆起之高骨，即第5跖骨粗隆部外侧缘。,手动录入
头角是什么？,头角 头顶两旁隆起之处，即顶骨结节部位。,手动录入
外辅骨是什么？,外辅骨 指胫外辅骨，即腓骨头部。,手动录入
三毛是什么？,三毛 足大趾爪甲后方有毛处。又称丛毛、聚毛。,手动录入
踵是什么？,踵 足跟部。,手动录入
赤白肉际是什么？,赤白肉际 指手（足）的掌（跖）面与背面肤色明显差别的分界处。掌 侧皮色较浅，称白肉；背侧肤色较深，称赤肉；两者交界之处称赤白肉 际。,手动录入
歧骨是什么？,歧骨 泛指两骨连接成角之处。如锁骨肩峰端与肩胛冈肩峰之连接处， 第1、2掌骨连接处，胸骨下端与左右肋软骨结合处等。,手动录入
本节是什么？,本节 即指掌指关节或跖趾关节的圆形突起。手足指（趾）最上一节， 即掌指关节与跖趾关节处。,手动录入
子午流注针法是什么？,子午流注针法源于《内经》的天人相应理论，宋金时代是子午流注针法 由理论向临床应用完善的时代，金代何若愚撰写了第一部子午流注针法 专著——《流注指微赋》。窦汉卿大力倡导按时取穴的应用，在《标幽 赋》中写道：“一日取六十六穴之法，方见幽微；一时取一十二经之 原，始知要妙。”明代徐凤《针灸大全》记载的“子午流注逐日按时定穴 诀”提出了具体的开穴使用方法，为子午流注的推广应用做出了贡献。 下面从子午流注的意义、子午流注针法的基本组成、子午流注针法的临 床运用等三个方面做概要介绍。,手动录入
子午流注的意义,子是地支第一数，午是地支第七数，地支是古人用来记年、月、日、时 的符号。在子午流注中，“子午”还有阴阳和方位的含义。从时辰上看， 一天有12个时辰，子时是夜半，午时是日中；在一年中，子为农历的11 月，午为5月。从阴阳来看，子为阴盛之时，为一阳之始的夜半，午为 阳盛之时，是一阴初生的中午。从方位上看，《灵枢·卫气行》说：“岁 有十二月，日有十二辰，子午为经，卯酉为纬。”经指南北（上下）， 纬指东西（左右）。子午还寓意着阳极生阴、阴极生阳和阴阳转化等深 刻道理。 “流”，是流动，“注”，是灌注。它是将人体气血在经脉中循行流注情况 比拟为水流，有着像潮水一样定时涨落、盛衰开阖的变化，这是人与自 然界相应的整体观的一种体现。,手动录入
子午流注针法的基本组成,子午流注针法是以子午流注理论为基础，以五输穴配合阴阳五行，运用 干支来推算经气流注盛衰开阖，按时取穴的针刺治疗方法。主要包括天 干、地支、阴阳、五行、脏腑、经络及五输穴等内容。,手动录入
天干、地支含义,天干又称十干，即甲、乙、丙、丁、戊、己、庚、辛、壬、癸。地支又 称十二地支，即子、丑、寅、卯、辰、巳、午、未、申、酉、戌、亥。 天干、地支在子午流注有两种含义，一是代表时间，二是配合脏腑经 脉,手动录入
天干地支代表时间,代表时间 天干与地支相配，可代表年、月、日、时，如甲子年、乙 丑月、丙寅时、丁卯时等，天干在前，地支在后，按天干地支顺序依次 相配。地支还可以单独与十二个月、时辰相配。1月地支为寅，2月是 卯，3月是辰，4月是巳，5月是午，6月是未，7月是申，8月是酉，9月 是戌，10月是亥，11月是子，12月是丑。 每天十二时辰（24小时），用十二地支来代表，每一个时辰为2小时。 夜半子时为23～1点钟，丑时为1～3点钟，寅时为3～5点钟，卯时为5～ 7点钟，辰时为7～9点钟，巳时为9～11点钟，午时为11～13点钟，未时 为13～15点钟，申时为15～17点钟，酉时为17～19点钟，戌时为19～21 点钟，亥时为21～23点钟。,手动录入
天干地支如何配合脏腑经脉？,天干配脏腑的依据是“肝主春，足厥阴少阳主治，其日 甲乙……心主夏，手少阴太阳主治，其日丙丁……脾主长夏，足太阴阳 明主治，其日戊己……肺主秋，手太阴阳明主治，其日庚辛……肾主 冬，足少阴太阳主治，其日壬癸……”（《素问·脏气法时论》）。天干 配合十二脏腑经脉是甲配胆和胆经，乙配肝和肝经，丙配小肠、三焦和 小肠经、三焦经，丁配心、心包和心经、心包经，戊配胃和胃经，己配 脾和脾经，庚配大肠和大肠经，辛配肺和肺经，壬配膀胱和膀胱经，癸 配肾和肾经。天干配脏腑是“纳干法”的基础之一，应记住下列口诀： 甲胆乙肝丙小肠，丁心戊胃己脾乡。 庚属大肠辛属肺，壬属膀胱癸肾脏。 三焦阳腑须归丙，包络从阴丁火旁。 阳干宜纳阳之腑，脏配阴干理自当。 地支与十二脏腑经脉相配是固定不变的，子配胆及胆经、丑配肝及肝 经、寅配肺及肺经、卯配大肠及大肠经、辰配胃及胃经、巳配脾及脾 经、午配心及心经、未配小肠及小肠经、申配膀胱及膀胱经、酉配肾及 肾经、戌配心包及心包经、亥配三焦及三焦经。这是“纳支法”的基础之 一，要熟记下面的歌诀，便能运用自如： 肺寅大卯胃辰宫，脾巳心午小未中， 申膀酉肾心包戌，亥焦子胆丑肝通。 地支配属脏腑经脉是将十二地支时辰的推移和十二经脉气血流注结合， 两者数字相等，次序排列固定不变。人身经脉气血流注，从中焦开始， 上注于肺经，经过大肠经、胃经、脾经、心经、小肠经、膀胱经、肾 经、心包经、三焦经、胆经、肝经。时序从寅时开始，止于丑时，再流 注于肺，如此循环往复不息。,手动录入
干支的阴阳分配,分阴阳 根据运用不同，干支分阴阳有两种含义，一是在子午流注针 法中开井穴时，依据天干为阳、地支为阴而提出阳进阴退的规律；二是 根据干支序数的奇数偶数分阴阳，1、3、5、7、9、11属阳，2、4、6、 8、10、12属阴。天干按其序数，甲、丙、戊、庚、壬为阳干，乙、 丁、己、辛、癸为阴干；地支，子、寅、辰、午、申、戌为阳支，丑、 卯、巳、未、酉、亥为阴支。,手动录入
干支的五行分配,天干：甲乙属木，丙丁属火，戊己属土，庚辛属金，壬癸属 水。地支：子丑属木，未亥午戌属火，辰巳属土，寅卯属金，申酉属 水。,手动录入
五输穴如何配合阴阳五行、脏腑,《灵枢·本输》提出五输穴的部位，并指出“阴井木，阳井金”的阴阳五 行配合关系。《难经·六十四难》做了全面补充：“阴井木，阳井金；阴 荥火，阳荥水；阴输土，阳输木；阴经金，阳经火；阴合水，阳合 土。”,手动录入
年干支推算法如何计算？,天干从甲到癸，计有10数；地支由子至亥，计有12数。干支配合，天干六轮、地支五轮，循环一遍，便成六十环周，称为一个花甲，列表如下（表10-2）。只要掌握六十环周，就很容易推出年干支。例如2016年丙申，依次顺推2017年丁酉，2018年戊戌……推算年干支的简单方法是：取当年的公元数减3，得出的数值除以60，余数就是该年的干支数。如推算2016年的年干支：（2016-3÷60=33……33余数33，在60环周表中是丙申，故2016年是丙申年。,手动录入
月干支推算法如何计算？,月干支推算法按照农历计算。一年12个月，配合十二 地支，1月为寅，2月是卯，3月是辰，4月是巳，5月是午，6月是未，7 月是申，8月是酉，9月是戌，10月是亥，11月是子，12月是丑，十二地 支配12个月是固定不变的。再根据年干推算月干，需要熟记下列歌诀： 甲己之年丙作首，乙庚之年戊当头， 丙辛之年庚寅上，丁壬壬寅顺行流， 若言戊癸何方起，甲寅之上去寻求。 即甲年、己年正月的天干都是丙，正月干支是丙寅，按顺序下推，二月 的干支是丁卯……依次类推；乙年、庚年正月干支是戊寅，丙年、辛年 正月是庚寅……依次类推。如：2016年为丙申年，正月干支就是庚寅。 按顺序下推，二月为辛卯，其余依次类推。,手动录入
日干支推算法如何计算？,"日干支推算用阳历进行。运用时有几个先决条件：① 当年元旦的干支代数；②每月干支应加应减数；③闰年自3月起都加 一；④当天的日数。有了这四点，便可推算任何一天的干支。元旦干支 可以推算，但查表更为方便，现将2016年～2075年元旦干支列表（表 10-3）。各月加减数是根据日数与六十环周关系推算出来的，下面列出各月加减
数表（表10-4）。为便于记忆，可熟背加减数口诀：
一五双减一，二六加零六，三减二加十，四减一加五，七零九加二，八上加一七，十上加二八，冬三腊三九，闰年三月起，余数均加一。日干支的推算公式如下：
日干序数=元旦天干序数+月份天干加减数（闰年三月后加1）+所求日期
数，其和除以10，取其余数（无余数者作10）。
日支序数=元旦地支序数+月份地支加减数（闰年三月后加1）+所求日期
数，其和除以12，取其余数（无余数者作12）。
如：2016年元旦干支为壬午，求：2016年5月1日的干支。
根据公式推算如下：
日干数：9-1+1+1=10，取其尾数10，为癸。
日支数：7-1+1+1=8，取其尾数8，为未。
故2016年5月1日为癸未日。",手动录入
时干支推算法如何计算？,时干支的推算是运用五门十变理论，把天干化五行， 其推算歌诀是： 甲己起甲子，乙庚起丙子，丙辛起戊子， 丁壬起庚子，戊癸起壬子。 甲日、己日的十二时辰，都是从甲子开始，其后为乙丑时、丙寅时…… 依次类推；乙日、庚日从丙子开始；丙日、辛日从戊子开始；丁日、壬 日从庚子开始；戊日、癸日从壬子开始。,手动录入
子午流注针法的临床应用中纳干法是什么？,纳干法又称纳甲法，是运用天干配脏腑的一种按时开穴的子午流注针 法。应用时，在熟悉上述多种配属关系的基础上，先推算患者来诊当天 的天干和开取井穴的时辰，再按阳日阳时开阳经穴，阴日阴时开阴经穴 的规律，结合十二经脉的流注和五输穴的相生规律依次开穴。,手动录入
纳干法运用基本内容,阳进阴退，开井穴、经生经，穴生穴，开其他五输穴、返本还原（遇输过原）、气纳三焦，开生我穴，血归包络，开我生穴、子午流注逐日按时定穴法、一、四、二、五、三、○反克取穴法,手动录入
阳进阴退，开井穴是什么？,井穴的开取是根据日、时干支，阳进阴退的规 律。阳进是指天干（为阳）主进，即按甲、乙、丙、丁……的顺序推 算，阴退是指地支（为阴）主退，即按戌、酉、申……的顺序推算。戌 是地支中最后一个阳支，故阴退从戌开始。阳进阴退是推算次日的干支 取井穴时辰的方法。如甲日戌时开窍阴，根据阳进阴退原则，次日天干 从甲进为乙，地支从戌退为酉，故乙日应在酉时开井穴为大敦，余可类 推,手动录入
“经生经，穴生穴，开其他五输穴”是什么？,"纳甲法的开穴，先从值日经的井穴
开始，该日的天干与值日经的天干相同。开井穴之后，下面就按时生
时、经生经、穴生穴的规律开五输穴。如甲日是胆经主气，甲（木）戌
时开胆经井穴窍阴，然后按相生的顺序，下个时辰丙子时（甲木生丙
火），开小肠经的前谷穴，因为小肠属火，胆属木，木生火；窍阴属
金，金生水，故开小肠经的水穴前谷。根据这一规律，下一开穴时辰应
是戊寅（丙火生戊土），小肠经属火，胃经属土，火生土，前谷属水，
水生木，故开胃经的木穴陷谷，水生木。按时、经、穴相生，再下一个
开穴时辰是庚辰，当开大肠经阳溪穴；再下当开膀胱经委中穴。",手动录入
“返本还原（遇输过原）”是什么？,运用纳甲法经穴相生顺序开穴，当开的穴是输 穴时，同时要开值日经的原穴，这一规律称“返本还原”。如甲日胆经值 日，当穴位开到足阳明胃经输穴陷谷时，应同时开胆经原穴丘 墟。“本”指的是本日的值日经，“原”指的是值日经的原穴。一般开原穴 的时辰，是在开井穴以后的4个时辰。若为阴经，则以“输”代之，称遇 输过原。,手动录入
“气纳三焦，开生我穴，血归包络，开我生穴”是什么？,五输穴依次开完后，阳 经最后都要纳入三焦而开三焦经的穴位，称“气纳三焦”；阴经都要纳入 心包络而开心包经的穴位，称“血归包络”。阳经按“他生我”，阴经 按“我生他”的规律选穴。如甲日胆经值日，五输穴依次开完后，最后一 个阳时（甲申）的选穴应按“他生我”的规律，开三焦经的液门穴，因为 胆属木，液门穴属水，水生木。又如乙日肝经值日，五输穴依次开完 后，最后应在乙未时按“我生他”的规律，开心包经的劳宫穴，肝属木， 劳宫属火，木生火。 “我”指的是值日经，“他”是指要开的穴。胆经的最后一个阳时甲申，甲 日两见甲，称日干重见，因为天干10个，经脉12条，10天干不够配12 经，故起于甲必重见于甲，起于乙必重见于乙。,手动录入
子午流注逐日按时定穴法是什么？,根据徐凤的《子午流注逐日按时定穴 歌》，在推算出日干以后，直接取穴，方法简便，推算迅速，建议熟练 背诵。 甲日戌时胆窍阴，丙子时中前谷荥，戊寅陷谷阳明输，返本丘墟木在 寅， 庚辰经注阳溪穴，壬午膀胱委中寻，甲申时纳三焦水，荥合天干取液 门。 乙日酉时肝大敦，丁亥时荥少府心，己丑太白太冲穴，辛卯经渠是肺 经， 癸巳肾宫阴谷合，乙未劳宫火穴荥。 丙日申时少泽当，戊戌内庭治胀康，庚子时在三间输，本原腕骨可祛 黄， 壬寅经火昆仑上，甲辰阳陵泉合长，丙午时受三焦火，中渚之中仔细 详。 丁日未时心少冲，己酉大都脾土逢，辛亥太渊神门穴，癸丑复溜肾水 通， 乙卯肝经曲泉合，丁巳包络大陵中。 戊日午时厉兑先，庚申荥穴二间选，壬戌膀胱寻束骨，冲阳土穴必还 原， 甲子胆经阳辅是，丙寅小海穴安然，戊辰气纳三焦脉，经穴支沟刺必 痊。 己日巳时隐白始，辛未时中鱼际取，癸酉太溪太白原，乙亥中封内踝 比， 丁丑时合少海心，己卯间使包络止。 庚日辰时商阳居，壬午膀胱通谷之，甲申临泣为输木，合谷金原返本 归， 丙戌小肠阳谷火，戊子时居三里宜，庚寅气纳三焦合，天井之中不用 疑。 辛日卯时少商本，癸巳然谷何须忖，乙未太冲原太渊，丁酉心经灵道 引， 己亥脾合阴陵泉，辛丑曲泽包络准。 壬日寅时起至阴，甲辰胆脉侠溪荥，丙午小肠后溪输，返本京骨本原 寻， 三焦寄有阳池穴，返本还原似的亲，戊申时注解溪胃，大肠庚戌曲池 真， 壬子气纳三焦寄，井穴关冲一片金，关冲属金壬属水，子母相生恩义 深。 癸日亥时井涌泉，乙丑行间穴必然，丁卯输穴神门是，本寻肾水太溪 原， 包络大陵原并过，己巳商丘内踝边。辛未肺经合尺泽，癸酉中冲包络 连， 子午截时安定穴，留传后学莫忘言。,手动录入
一、四、二、五、三、○反克取穴法是什么？,根据六甲周期、阳进阴退开井 穴、阳日阳时开阳经、阴日阴时开阴经、地支顺时推进等基础，进行推 算，解决癸日十时无穴可开的不足。此法系运用反克规律推算而来，介 绍其开穴（表10-6）如下： 表 10 - 6 一、四、二、五、三、○反克取穴 根据上述按时开穴规律，设计的“子午流注计算盘”，临床运用也比较方 便（图10-1、图10-2）。制盘时，剪去时间旁的空白（图中有剪去说 明），把盘（一）放在盘（二）上面，其剪去的空白即可露出一天应开 穴名。 计算盘是根据前面第一、第二两法，相互补充而成。其中有“△”号者， 为两法共通取穴，凡有〈〉号者，为一、四、二、五、三、○反克取 穴，没有符号的是徐氏开穴。,手动录入
纳支法是什么？,纳支法是以一天十二时辰配合脏腑（见前地支配脏腑）按时开穴。临床 上有两种运用方法，一种是补母泻子取穴法，一种是一日六十六穴法,手动录入
补母泻子取穴法是什么？,补母泻子取穴法 以本经经脉的五行属性和五输穴的五行属性为基 础，推算母子关系，按照“虚则补其母，实则泻其子”进行按时取穴。例 如手太阴肺经病，肺属金，它的母穴是属土的太渊穴，子穴是属水的尺 泽穴。如果肺经邪气实，就在肺气方盛的寅时，取尺泽穴行泻法；如果 正气虚，又应当在肺气方衰的卯时取太渊穴行补法。 若本经开穴时间已过，或不虚不实的病证。可取本经同一属性的经穴， 又称本穴，或取本经所属脏腑原穴进行治疗。例如肺经本穴为经渠，肺 之原穴为太渊。十二经补母泻子取穴见表10-7。,手动录入
一日六十六穴法是什么？,一日六十六穴法 纳支法的运用比较灵活，所以临床上都很重视。由 于“虚则补其母，实则泻其子”取穴尚不完善，阴经一天只取20穴，阳经 一天只取24穴，还有22穴没有取用。所以窦汉卿在《标幽赋》里提出 了“一日取六十六穴之法，方见幽微”。就是说应按十二时辰所属脏腑， 阴经开井、荥、输、经、合五穴，阳经开井、荥、输、原、经、合六 穴。临床运用中，根据病因、病性、病势，在相关经脉经气旺盛时，灵 活取用本经五输穴进行治疗。,手动录入
灵龟八法是什么？,灵龟八法又称“奇经纳甲法”“奇经纳卦法”。它是运用古代哲学的八卦九 宫学说，结合人体奇经八脉气血的会合，取其与奇经八脉相通的8个经 穴，按照日时干支的推演数字变化，采用相加、相除的方法，做出按时 取穴的一种针刺法。此法包含着“天人相应”之说、阴阳消长之理、五行 生克之变、气血流注之机，运用八脉八穴而发展起来。这种方法和子午 流注针法相辅相成，配合应用。兹将灵龟八法的八脉、八穴和八卦干支 等,手动录入
灵龟八法由哪些组成？,九宫八卦、八脉交会八穴、八法逐日干支代数、八法临时干支代数,手动录入
九宫八卦是什么？,八卦是古人取阴阳之象，结合自然界的天、地、水、火、风、雷、山、 泽而成的。即：乾为天作形，坤为地作形，坎为水作形，离为火作形， 巽为风作形，震为雷作 形，艮为山作形，兑为泽作形。把八卦的名称和图像结合四方，即成九 宫。由于八卦各有方位，配合九宫，根据戴九履一、左三右七、二四为 肩、八六为足、五十居中的九宫数字，每宫再配上一条奇经及其配属的 穴位，可总结为歌诀： 坎一联申脉，照海坤二五，震三属外关，巽四临泣数， 乾六是公孙，兑七后溪府，艮八系内关，离九列缺主。 此八穴的代表数字，在灵龟八法的推算中占有极为重要的地位，所以运 用本法必须牢记,手动录入
灵龟八法中的八脉交会八穴是什么？,八脉指任、督、冲、带、阴维、阳维、阴跷、阳跷；交指交通；会指会 合。它具有统率和调节十二经脉气血的作用，而十二经脉本身又有上下 循行、交错相会的特性，所以在四肢部位的十二经上有八个经穴相通于 八脉。即：小肠经后溪通于督脉，肺经列缺通于任脉，脾经公孙通于冲 脉，胆经临泣通于带脉，肾经照海通于阴跷，膀胱经申脉通于阳跷，心 包经内关通于阴维，三焦经外关通于阳维。另外这八个经穴彼此之间又 有着密切的联系和沟通。如公孙与内关相通，合于心、胃、胸；后溪与 申脉相通，合于目内眦、颈项、耳、肩、小肠、膀胱；临泣与外关相 通，合于目锐眦、耳后、颈项、肩；列缺与照海相通，合于肺系、咽 喉、胸膈等。这样就使八脉八穴分为四组，相互结合，有着一致的主治 范围，如内关配公孙治胸、心、胃部之疾。,手动录入
八法逐日干支代数是什么？,灵龟八法的组成，除八脉、八穴、八卦外，尚有日时的干支数字作为八 法取穴的依据。八法逐日干支代数的由来，是根据五行生成数和干支顺 序的阴阳定出的，它是演算灵龟八法穴位的基本数字（表10-9）。宜牢 记下列歌诀： 甲己辰戌丑未十，乙庚申酉九为期，丁壬寅卯八成数， 戊癸巳午七相宜，丙辛亥子亦七数，逐日干支即得知。,手动录入
八法临时干支代数是什么？,每日每个时辰的干支，亦各有一个代数，这个代数与逐日干支的代数有 着同样的意义，是推演八法必须掌握的内容（表10-10）。一般宜牢记 下列歌诀，以利推算： 甲己子午九宜用，乙庚丑未八无疑，丙辛寅申七作数，丁壬卯酉六须 知， 戊癸辰戌各有五，巳亥单加四共齐，阳日除九阴除六，不及零余穴下 推。,手动录入
灵龟八法的临床应用有哪些？,有开穴法、定时取穴、配穴的治疗、按时取穴、配合病穴、流注、八法联合应用,手动录入
开穴法如何应用？,运用灵龟八法，是将日、时的干支数字加起来，得出四个数字的和数， 然后按照阳日用9除，阴日用6除的公式，去除干支的和数，再将它的余 数，求得八卦所分配的某穴的数字，就是当时应开的腧穴。 如欲求甲子日的子、丑等时所开穴位，首先要从甲日子时上起出时干。 甲日子时按时干支歌诀推算，则仍起于“甲子”，再按六十环周表的顺序 排列，第二个时辰就是“乙丑”。 八法逐日干支代数，甲为10，子为7；八法临时干支代数，甲为9，子亦 为9。四数相加的总和为35，由于天干的甲属阳，故用9除，所剩的余数 是8。8为内关穴所应，故甲子日甲子时应开内关穴。凡除尽不余，遇到 这种情况，阳日作9计算，应开的是列缺，阴日则作6计算，应开的穴是 公孙。 以上是根据公式计算按时所开的经穴，临床运用时还有父母、夫妻、男 女、主客等的配用关系，就是公孙配内关，临泣配外关，后溪配申脉， 列缺配照海，这样综合应用就可以提高疗效。 为便于掌握和运用灵龟八法开穴，可绘制灵龟八法逐日按时开穴环周盘,手动录入
如何运用灵龟八法定时取穴、配穴的治疗？,根据病情选取与病情适应的八法开穴的穴位，再配以适当的经穴进行治 疗。例如：头面之疾可选后溪、列缺、临泣、照海适应证的开穴时间； 胃心胸诸疾可选公孙、内关适应证的开穴时间进行治疗。,手动录入
如何运用灵龟八法按时取穴、配合病穴？,根据患者就诊时间所开的八法穴，再配合与疾病相适应的穴位进行治 疗，以扶正驱邪，消除病痛。例如厥心痛，适逢丙申日己丑时，即先开 公孙、内关，再取厥阴俞、巨阙针刺，以提高疗效。,手动录入
流注、八法联合应用如何应用？,子午流注、灵龟八法二者以“时穴”为主，二者联合应用，可先开八法 穴，再配纳甲按时取穴；或先开八法穴，再配纳子取穴；或根据病情， 预定八法开穴时间，再配纳甲定时取穴。运用时穴法，必须根据病情， 适应配穴，发挥时穴的疗效。,手动录入
飞腾八法是什么？,"飞腾八法也是以八脉八穴为基础，按时开穴的一种方法，它的运用与灵 龟八法略有不同。本法不论日干支和时干支，均以天干为主，不用零余 方法壬甲公孙即是乾，丙居艮上内关然，戊为临泣生坎水，庚属外关震相
连，
辛上后溪装巽卦，乙癸申脉到坤传，己土列缺南离上，丁居照海兑金
全。
上述表、歌，是每日按天干时的开穴。如“甲己还生甲”的甲子时，开公
孙穴。“乙庚丙作初”乙丑时开申脉穴。丙寅时则取内关穴（丙申、丙
戊、丙辰等皆同），戊辰时开临泣穴，己巳时开列缺穴，庚午时取外关
穴……治病时先取开穴，再取配穴。如丙寅时先取内关，再取配穴公孙
穴。",手动录入
